"file_id","sample_type","condition"
"c58f9425-5789-4c8c-8bda-5e75ba382783","Primary Tumor","Primary Tumor"
"8c2ea0f3-474f-47f4-9900-d708e14e244c","Primary Tumor","Primary Tumor"
"a6996338-7dab-4816-898a-a20430141131","Primary Tumor","Primary Tumor"
"f91fc5b4-3e79-4028-81d5-56c947de95ee","Primary Tumor","Primary Tumor"
"bf74aec5-b781-4cef-8b4a-7fbe0a8958d9","Primary Tumor","Primary Tumor"
"9921ecf7-18c2-49ea-9243-293de7bd9e59","Primary Tumor","Primary Tumor"
"d2c48770-5184-48fa-84af-8db038d4b8d8","Primary Tumor","Primary Tumor"
"dbc969c2-024a-4b0a-bb3d-1bd35e000e36","Primary Tumor","Primary Tumor"
"7cdd6719-c7c9-4a29-8075-dbca0bce6aff","Primary Tumor","Primary Tumor"
"32c24548-2714-4a90-bfb1-002f1c46c0c5","Primary Tumor","Primary Tumor"
"59dc9929-f28e-4f94-b1cf-789f7007107f","Primary Tumor","Primary Tumor"
"c3460a50-6e60-4d5e-8f54-3181991b94e4","Solid Tissue Normal","Solid Tissue Normal"
"cbe969fc-2e73-4ab6-94d4-c4c95d4e8ea5","Primary Tumor","Primary Tumor"
"e62de0de-c8eb-46b0-9d1e-d0e1d688d2ac","Primary Tumor","Primary Tumor"
"a8c56ead-63aa-453e-871b-4d1688c1e715","Primary Tumor","Primary Tumor"
"bb7f69e5-2fff-4178-bc7b-93a41fbe6123","Primary Tumor","Primary Tumor"
"cb611345-3a56-4f49-b364-597d672152d7","Primary Tumor","Primary Tumor"
"16211ee3-2f4b-40e1-93b7-4f547b6c5778","Primary Tumor","Primary Tumor"
"3f460a1a-f1dd-4c11-95b1-f5757a8e7cc4","Primary Tumor","Primary Tumor"
"c3ba1574-1df3-4ef6-9dbf-3176ee75556f","Primary Tumor","Primary Tumor"
"af68c263-395e-49d7-9595-024857785b06","Primary Tumor","Primary Tumor"
"602a190c-b633-4af8-ab82-96c9677f900b","Primary Tumor","Primary Tumor"
"0db85fe0-94d6-4b8d-bff4-d69aea8a0806","Primary Tumor","Primary Tumor"
"0c763950-a82a-42f3-9d68-67be5e5380a8","Primary Tumor","Primary Tumor"
"382047a4-54a9-412e-bfaf-aac8baf48726","Primary Tumor","Primary Tumor"
"1d5e0b6b-ed64-4ccc-9736-0469f2002040","Primary Tumor","Primary Tumor"
"2bb3034f-d37a-4eb4-b633-a3952ab947dd","Solid Tissue Normal","Solid Tissue Normal"
"a7f8eb90-be36-499a-924a-8cd1aaa5fb20","Primary Tumor","Primary Tumor"
"2db0a3fd-2399-4bfb-b676-2b19c197f391","Solid Tissue Normal","Solid Tissue Normal"
"ed809f5e-f379-4f65-8663-83f586c55a98","Primary Tumor","Primary Tumor"
"f316e253-bb84-4c26-a1ef-1df6c5b679b1","Solid Tissue Normal","Solid Tissue Normal"
"597789b8-5b5e-47a3-a937-f7bb9979a554","Primary Tumor","Primary Tumor"
"676ec2aa-cf5c-41f1-9b1a-1e797477a2f1","Primary Tumor","Primary Tumor"
"3f09ffc0-db54-4f87-b8e4-92c55f2045ea","Primary Tumor","Primary Tumor"
"522b6e1d-76dc-4f22-8d02-73b73af86309","Primary Tumor","Primary Tumor"
"97ff9f47-cb8a-4348-a13e-8f87fe3330b0","Primary Tumor","Primary Tumor"
"a68715a2-cd9b-4e96-8c20-5ebe9469d8d8","Primary Tumor","Primary Tumor"
"56b46dcf-c809-4b4d-8e69-9b03d39a4f7a","Primary Tumor","Primary Tumor"
"3a5e7502-cf1f-459d-91af-34e92f5f60d0","Primary Tumor","Primary Tumor"
"f541d19f-8390-40f1-8446-2a3430cae304","Primary Tumor","Primary Tumor"
"84aad260-dee1-46bb-9bb2-9f75f6dbf472","Solid Tissue Normal","Solid Tissue Normal"
"3fdcb9b7-74db-462d-8903-c054eb8b9961","Primary Tumor","Primary Tumor"
"52b38845-c5ce-49c0-b84f-5f6b9ffdd310","Primary Tumor","Primary Tumor"
"0e14a024-d7be-48ca-9aa4-8ce915a584e9","Primary Tumor","Primary Tumor"
"5c50f5de-8495-43d9-a6af-1a0cdec79f9e","Primary Tumor","Primary Tumor"
"1cae5825-2dbe-4eda-a71f-40ea7a554420","Solid Tissue Normal","Solid Tissue Normal"
"2c658173-1941-45fe-baf5-ab67dfbcdfff","Solid Tissue Normal","Solid Tissue Normal"
"37409434-dc17-4345-96d8-5cd388d90166","Primary Tumor","Primary Tumor"
"00d39f52-dfb1-4256-a6a9-54dea7a0401e","Primary Tumor","Primary Tumor"
"5fb51a01-4042-49bd-9c70-a5bb7b23dd36","Primary Tumor","Primary Tumor"
"68137729-ef44-49c5-8bf0-2ff049162836","Primary Tumor","Primary Tumor"
"3cb4c6d3-ee1b-4869-9ffa-df20bfb95c77","Primary Tumor","Primary Tumor"
"6d853114-609f-4be9-8f62-bb3384df0302","Solid Tissue Normal","Solid Tissue Normal"
"bfdfa11e-b19b-4ee5-bed0-227a627ab1f3","Primary Tumor","Primary Tumor"
"b2c1efd2-e611-4dc8-bde7-cb6c2286fdaf","Primary Tumor","Primary Tumor"
"127aed4a-3eee-4e1d-aafd-0ca61759856a","Primary Tumor","Primary Tumor"
"6759accf-5027-4673-aea5-f5b8171ba2c2","Primary Tumor","Primary Tumor"
"92ad661c-b2ed-40fe-9289-5213a97271a7","Primary Tumor","Primary Tumor"
"4aa26af5-b589-49f4-ab6f-e00fda1ea56c","Primary Tumor","Primary Tumor"
"788a05e5-5fee-4430-b303-d4bc30649158","Primary Tumor","Primary Tumor"
"18ed43a1-e364-4a61-83c7-4d62392e0aa0","Primary Tumor","Primary Tumor"
"309f6763-b665-495e-91b2-07007d5cdf04","Solid Tissue Normal","Solid Tissue Normal"
"108e18d9-cb5a-47b3-99c0-0a13b0c4a2a4","Primary Tumor","Primary Tumor"
"17b9eed9-f422-4589-984d-800667aed1e7","Primary Tumor","Primary Tumor"
"d0766295-77cb-446a-9ebe-4820f57a8d36","Solid Tissue Normal","Solid Tissue Normal"
"ebb55c2b-057d-44f5-819b-df9dd596abdc","Primary Tumor","Primary Tumor"
"cd5d99fe-041b-44c2-a01b-d860e35620d8","Primary Tumor","Primary Tumor"
"5ef0522a-89f3-4fb9-a9e1-dc8129d4a73d","Primary Tumor","Primary Tumor"
"9c1ea2bf-d320-44f8-832d-a831d8689c6e","Primary Tumor","Primary Tumor"
"d1d2e357-2dbf-4878-ac40-cf3b12d0aea4","Primary Tumor","Primary Tumor"
"782d5e4e-ad23-4ac8-8654-eb52bbc44f21","Primary Tumor","Primary Tumor"
"5c3861de-66cf-4e2d-95dd-931cee332666","Primary Tumor","Primary Tumor"
"3cdba1e4-b7d4-47ea-8cae-68a8262515d4","Primary Tumor","Primary Tumor"
"17b53839-6c06-48cd-8829-0dd7499eec4e","Solid Tissue Normal","Solid Tissue Normal"
"ece77ba5-55bd-4937-80de-834b8e6c873b","Primary Tumor","Primary Tumor"
"5d9329e4-070b-455b-aedf-a1cc9a7dfdc2","Primary Tumor","Primary Tumor"
"cc577b93-2d1c-4c35-9cde-47db994d2291","Primary Tumor","Primary Tumor"
"def8f9eb-8f3e-47af-97f3-99b588970937","Primary Tumor","Primary Tumor"
"5cc8d0d0-e196-4ef2-85c8-20f8d35764e3","Primary Tumor","Primary Tumor"
"85e388dc-f9a8-40f9-a532-fbfb172ef122","Primary Tumor","Primary Tumor"
"52ed290d-a590-473d-8267-2a2de81b2d3f","Primary Tumor","Primary Tumor"
"4c3a8286-b1f9-486e-9ccc-4b93eb9abb1e","Primary Tumor","Primary Tumor"
"f2c9c022-0b54-45f4-a31a-c97372dda545","Primary Tumor","Primary Tumor"
"bcb337bb-7fc9-4182-9385-b2fd1fcc50b6","Primary Tumor","Primary Tumor"
"472c5ce4-aedb-45b0-a4cb-0948619e358c","Primary Tumor","Primary Tumor"
"0e60fb9a-cb4c-4b9b-a1fd-5b2ae091dc5b","Primary Tumor","Primary Tumor"
"d7cbbbaf-e5cc-4e1d-84b4-c44244ff712c","Primary Tumor","Primary Tumor"
"735ece50-9155-418b-8e31-64d1bfaf153a","Primary Tumor","Primary Tumor"
"343e46a0-ce35-4efc-99d7-720f6a13eff4","Primary Tumor","Primary Tumor"
"4e8f027a-d311-470c-ae1b-c030e1bfa58e","Primary Tumor","Primary Tumor"
"846495f1-2325-4885-860b-ecf2c64a2f4c","Primary Tumor","Primary Tumor"
"fd3b0853-0da6-41a2-8194-fd29e190ebd0","Primary Tumor","Primary Tumor"
"21eda9bb-7b0c-46a0-8dde-4a6a02b4ea17","Primary Tumor","Primary Tumor"
"04d487db-ee31-431d-ad5f-29645cf75e1b","Primary Tumor","Primary Tumor"
"8e19027a-faf5-4f18-a23f-4fc0325ed416","Primary Tumor","Primary Tumor"
"32ae48df-7f72-479d-93b6-8ae2ebe1e531","Primary Tumor","Primary Tumor"
"1609b215-8d43-4764-a749-ba8d03cb49ed","Primary Tumor","Primary Tumor"
"28d07a0a-b5ea-4ec0-b831-e80e060ef49c","Solid Tissue Normal","Solid Tissue Normal"
"57a5d70c-04d1-4b21-834e-2746f74bdce4","Primary Tumor","Primary Tumor"
"b91d66a1-c76f-4256-9eaf-411146e5c9df","Primary Tumor","Primary Tumor"
"4b487c92-84e4-4f5d-af38-62fefd0baa93","Primary Tumor","Primary Tumor"
"2e1de344-442c-4c2b-929a-74021d92c95b","Primary Tumor","Primary Tumor"
"7037419d-af1b-4420-a855-6af478e6e31a","Solid Tissue Normal","Solid Tissue Normal"
"6b261846-2cc0-4c86-b714-7429e18684d9","Primary Tumor","Primary Tumor"
"7e7d3e1a-8f9b-4f1b-9f5e-8ac64d308dfa","Primary Tumor","Primary Tumor"
"515e127f-0f73-4b02-92ec-83f71b724b5e","Primary Tumor","Primary Tumor"
"71b9896d-73fb-4f32-8e6e-e5d839095961","Primary Tumor","Primary Tumor"
"51c4a595-ad63-4ee2-9d5c-1ab9d398e88f","Primary Tumor","Primary Tumor"
"2daeac8d-256d-49d7-b043-b18d8db812eb","Primary Tumor","Primary Tumor"
"45ede76e-9095-4b78-9227-21921468f3ee","Primary Tumor","Primary Tumor"
"1a4fea2e-132f-489d-8ee6-d9a0ec615f53","Primary Tumor","Primary Tumor"
"7e4b904e-cacd-4c36-a5ad-0923bec03578","Primary Tumor","Primary Tumor"
"eb05707c-be5a-4faf-ac42-7e5ca6af53e2","Primary Tumor","Primary Tumor"
"4e515787-2cff-421d-8c77-f7bc35632c46","Primary Tumor","Primary Tumor"
"dc8d96ef-81eb-41c8-a486-02d107c1a137","Primary Tumor","Primary Tumor"
"b836b81e-adfc-41cf-9275-4ce2d3252122","Primary Tumor","Primary Tumor"
"4582abaa-1674-46f5-b049-96d9225759e2","Primary Tumor","Primary Tumor"
"55e9dc18-7bee-4a15-9c77-db1ba5ad4a6b","Primary Tumor","Primary Tumor"
"4bf14da6-816b-4ded-a43c-6156560da9f6","Primary Tumor","Primary Tumor"
"3698bb16-3f20-4ad1-988f-9eb5c7c2f970","Primary Tumor","Primary Tumor"
"4a3061a6-2931-4c2a-b8b9-84540c256eb4","Primary Tumor","Primary Tumor"
"22e11e8c-fab5-40ec-90cc-700be19c5d51","Primary Tumor","Primary Tumor"
"2dc58f9b-608f-4df7-8459-6a0e84e3e893","Primary Tumor","Primary Tumor"
"eb0eec1c-042c-4eb7-a2e0-eb50b49855c6","Primary Tumor","Primary Tumor"
"a3057594-7806-45d2-a92f-4b9f08fcc693","Primary Tumor","Primary Tumor"
"200e65f4-0bba-4133-b0fd-6c69faddc1cc","Primary Tumor","Primary Tumor"
"a594e827-49e5-47a1-b1cc-2c20a123a041","Primary Tumor","Primary Tumor"
"e1271843-3bd3-4f0b-8e6f-fc763ad65776","Primary Tumor","Primary Tumor"
"5702e8ad-1336-440d-a415-9c08a127cbd0","Primary Tumor","Primary Tumor"
"907d0887-5984-4d5e-8d5b-1a7ad1d53572","Primary Tumor","Primary Tumor"
"6318d1bc-6c5c-43db-896d-931f487e4f47","Primary Tumor","Primary Tumor"
"1658fd3a-39c9-4213-b97b-f87d04c603f8","Primary Tumor","Primary Tumor"
"077413d4-9233-4a64-ac64-ada12cd08dd5","Primary Tumor","Primary Tumor"
"05f36336-c79f-45cf-bdde-1acda13d415b","Primary Tumor","Primary Tumor"
"149a17a7-398c-4bd9-a871-7ab9ef9e6879","Primary Tumor","Primary Tumor"
"84d67cc6-c004-4ae1-ba4c-565ee4646c1b","Primary Tumor","Primary Tumor"
"33a8226d-4908-42a2-a82a-8abc1abb23a8","Primary Tumor","Primary Tumor"
"016db033-3cec-4c63-b90f-0428da475a63","Primary Tumor","Primary Tumor"
"1cbd6458-7371-4a79-b4a9-e32894d0fa32","Primary Tumor","Primary Tumor"
"2683fb0e-6a84-4bff-a327-64cfb2dc3308","Primary Tumor","Primary Tumor"
"bd5873b0-4c3c-4aba-987e-0730145d5ea1","Primary Tumor","Primary Tumor"
"37485572-281d-4f54-b0b1-b104b7730d21","Primary Tumor","Primary Tumor"
"0e35c4f4-0da9-4e46-a30b-8d73d57ccf76","Primary Tumor","Primary Tumor"
"b4c62ca8-0393-43dc-b5e2-749c777f948d","Primary Tumor","Primary Tumor"
"17433796-a04c-46d5-a01c-b8c073504b5d","Primary Tumor","Primary Tumor"
"14d1d18c-15e4-4cf1-b54e-131b7142d0cc","Primary Tumor","Primary Tumor"
"7076d394-c6a7-4e0e-b728-842fdaf4af34","Primary Tumor","Primary Tumor"
"5608dff0-72ab-468c-b25f-d411ad581052","Solid Tissue Normal","Solid Tissue Normal"
"2e5887ce-ef0e-4d35-bb09-f84e6a4aeb77","Primary Tumor","Primary Tumor"
"d838c396-1196-49a9-adf0-0daf56187b1b","Primary Tumor","Primary Tumor"
"5832479e-b21c-4613-9f88-87e21fd65475","Primary Tumor","Primary Tumor"
"24a2cd1a-ff32-4704-ae91-088c7a94de24","Primary Tumor","Primary Tumor"
"74a7b430-ec80-47aa-95ed-7d202b72219b","Primary Tumor","Primary Tumor"
"cb163fe6-e7d4-4c3f-b110-2920fa5ef95c","Primary Tumor","Primary Tumor"
"c9f05d9f-4146-48bc-a562-5bad1bcb7293","Primary Tumor","Primary Tumor"
"c1e1a3ff-caba-4adb-b8de-27d2a8ec3ec8","Primary Tumor","Primary Tumor"
"11158ce6-cd7a-4450-8b57-395270b20a70","Primary Tumor","Primary Tumor"
"4054a92c-e4c6-4742-99fc-2e9bc0b99ed5","Solid Tissue Normal","Solid Tissue Normal"
"1d47e720-1a02-45f4-b0dc-99861916e3e1","Primary Tumor","Primary Tumor"
"bd884fbc-b8ad-4c27-8eb7-6202db49afec","Primary Tumor","Primary Tumor"
"424e28df-38e0-4fdd-a93a-f1d9b002a531","Primary Tumor","Primary Tumor"
"ffcc91b1-b803-4dab-a98e-37f12f28be82","Primary Tumor","Primary Tumor"
"e7d55838-b9ad-4147-8ad2-cbe0dd6d5f24","Primary Tumor","Primary Tumor"
"eb9bccdb-06ac-4936-ac3c-73b9eb60098b","Primary Tumor","Primary Tumor"
"fa81b241-f229-417e-8aa2-d2b1e5534561","Primary Tumor","Primary Tumor"
"430527bb-2cef-45ec-9e5b-831b46c0746d","Primary Tumor","Primary Tumor"
"d91020aa-3661-4b53-bbe4-e9677678736b","Solid Tissue Normal","Solid Tissue Normal"
"ca97a614-bab8-4bdc-a663-2d6a81ae4c27","Primary Tumor","Primary Tumor"
"6d88ce71-ecd1-4edf-8935-ea9137ed1ef1","Solid Tissue Normal","Solid Tissue Normal"
"378e7d58-2089-4797-85e8-af08e71477ab","Primary Tumor","Primary Tumor"
"d6c77415-a3c1-4627-a0ab-dacdac3db507","Primary Tumor","Primary Tumor"
"a9034495-f0b8-4db4-9014-cf515083bb99","Primary Tumor","Primary Tumor"
"c8d46326-0b84-40cd-983e-0a8e99763727","Primary Tumor","Primary Tumor"
"b6eea29b-e628-4ba9-8c36-6fec76dad20b","Primary Tumor","Primary Tumor"
"9326bb7f-da05-490c-a620-5c88323130d6","Primary Tumor","Primary Tumor"
"c9c262d1-a48f-49d8-a7d3-fcea1fd83691","Primary Tumor","Primary Tumor"
"5c97f076-c198-4d3d-b680-97c3e9fb08db","Primary Tumor","Primary Tumor"
"1ef4181f-9d16-4e3e-a8aa-ac0849bb6ef8","Primary Tumor","Primary Tumor"
"05960e82-e648-4b99-a116-9cf917d1bff7","Primary Tumor","Primary Tumor"
"3efa1571-cad2-4796-a459-144c38b87d9c","Primary Tumor","Primary Tumor"
"386303b0-03dc-4202-8af9-fb7373909c84","Primary Tumor","Primary Tumor"
"f5a7db34-479b-4593-9ba9-fd22a726eacd","Primary Tumor","Primary Tumor"
"f5c2e3ee-f3a6-4cb2-81b1-7d7652b6b600","Primary Tumor","Primary Tumor"
"93b8bab9-acd8-4a5a-b4ba-ec52b2ab186b","Primary Tumor","Primary Tumor"
"67823e04-d914-4a9f-8231-7103e55a0a74","Solid Tissue Normal","Solid Tissue Normal"
"3c230360-fe46-46ff-8e5e-225ee48484f2","Primary Tumor","Primary Tumor"
"2d736297-0768-4c2d-a81e-3617d83c0d71","Primary Tumor","Primary Tumor"
"3d72d0e5-dbfb-4a74-b893-6057f533123c","Primary Tumor","Primary Tumor"
"099fa24d-d952-4617-935c-a8d9439a5a11","Primary Tumor","Primary Tumor"
"41dbd6ab-871d-4ee4-be13-392b4995f6ce","Primary Tumor","Primary Tumor"
"704072c3-be9e-4221-9847-f558ccde7a5b","Primary Tumor","Primary Tumor"
"a790c01b-ddc7-459e-8a14-4e59f12bff6c","Primary Tumor","Primary Tumor"
"9993fdc8-ba90-4daa-8260-8e1a0941eff1","Primary Tumor","Primary Tumor"
"406fd7d3-b73a-4014-b315-1eeaae01e988","Primary Tumor","Primary Tumor"
"260c1dd7-d6f8-4337-9bba-5de192fc5af3","Primary Tumor","Primary Tumor"
"cf34dfb9-b3cd-43a0-aad5-48329539e196","Primary Tumor","Primary Tumor"
"93f62084-a6d0-4ccd-b84f-fddb1c3b6656","Primary Tumor","Primary Tumor"
"04ac5016-eca0-4536-ab2b-27ca4de15acd","Primary Tumor","Primary Tumor"
"ab007457-2432-44c5-813e-8c80c4603ddf","Primary Tumor","Primary Tumor"
"df44fccd-11dc-4fed-b2b9-74ff4081405e","Primary Tumor","Primary Tumor"
"b88178b2-b232-440b-a8db-db4af1e36381","Primary Tumor","Primary Tumor"
"f0101ef7-d3f7-458a-aa7e-77e68abb1cce","Primary Tumor","Primary Tumor"
"4f8f52e4-1a81-42a0-88a5-41e87b6be678","Primary Tumor","Primary Tumor"
"a9dd39b4-6d45-47e3-9339-a5f357cd14c4","Primary Tumor","Primary Tumor"
"a3a1a7b7-6109-4c9d-bb39-81d5d8a9c89f","Primary Tumor","Primary Tumor"
"f4d16cd8-479d-4984-87d6-7db8c1e421ab","Primary Tumor","Primary Tumor"
"4dbb7005-c218-434a-a462-6a7243edee12","Primary Tumor","Primary Tumor"
"b8ccb1a4-10c7-4b58-997a-d8bc30b0da5e","Primary Tumor","Primary Tumor"
"3b844b07-f24e-4135-b94a-5096e55c600e","Primary Tumor","Primary Tumor"
"09ace4e7-5c45-4492-b97c-46aa467820aa","Solid Tissue Normal","Solid Tissue Normal"
"9914a808-171b-494f-9e66-d5a3adec3d4c","Primary Tumor","Primary Tumor"
"f2ac5078-6abc-4e01-80d1-a0d723fe91af","Primary Tumor","Primary Tumor"
"04cfe993-afde-4e40-9cb1-d9c2415b16b6","Primary Tumor","Primary Tumor"
"2b696fa6-f248-4acc-93c0-9387591b75e7","Primary Tumor","Primary Tumor"
"d681c69f-3020-463b-90c0-bd9435e3f216","Primary Tumor","Primary Tumor"
"5af91b67-394a-4872-ad42-0f41e0998ad6","Primary Tumor","Primary Tumor"
"1a2097ac-6aef-4740-8076-1679365e1f4f","Primary Tumor","Primary Tumor"
"34933250-0d06-4072-b05f-99306e9ce476","Primary Tumor","Primary Tumor"
"dec82b4e-cb99-4b98-b2f6-7cdd64749cd0","Primary Tumor","Primary Tumor"
"ddcfa2c6-4647-4606-8b94-7ce79db9218e","Primary Tumor","Primary Tumor"
"4ef1bf1a-e6a4-4d0d-a84b-f0e742c09d8e","Primary Tumor","Primary Tumor"
"f139456f-3158-4ac4-8c60-454aa1c41861","Primary Tumor","Primary Tumor"
"23bc21ba-4d55-4f64-9bfb-8d0fc4c12c1a","Primary Tumor","Primary Tumor"
"730430cc-52a2-43c9-b919-549bb68eab69","Primary Tumor","Primary Tumor"
"7329ec19-7624-4c7c-9622-e6785ee4be09","Primary Tumor","Primary Tumor"
"0173d27e-ff23-42b2-afb9-9b867ace3efc","Primary Tumor","Primary Tumor"
"ee84d78c-72dd-4b1d-ac4b-402c9b19d3c2","Primary Tumor","Primary Tumor"
"ec09d84c-1112-4530-a320-a99043794fe3","Primary Tumor","Primary Tumor"
"1022aa8a-ff64-4756-b20f-43a12a53efc1","Primary Tumor","Primary Tumor"
"3b7583b0-9f6c-48d6-b3af-e19832bf2d9f","Primary Tumor","Primary Tumor"
"b16e4a88-6d23-479b-a68c-c4d7c3a16725","Primary Tumor","Primary Tumor"
"d6ffd7b8-7dd4-4342-8e0f-ccef57b16921","Primary Tumor","Primary Tumor"
"70a0fb72-e7ca-4fe5-8eed-7377dfc26b0c","Primary Tumor","Primary Tumor"
"1871694f-863b-4483-8157-8aa0ddfdda5e","Primary Tumor","Primary Tumor"
"9a8b5955-c2ed-485b-ac13-9042c1adf631","Primary Tumor","Primary Tumor"
"1d1d18b8-76d7-473e-bfc5-06d0a4f53a5d","Primary Tumor","Primary Tumor"
"cd925bc2-7870-4fbd-829e-8797bd839539","Primary Tumor","Primary Tumor"
"edc9e931-6c62-4e0e-9c68-b6891ba007ac","Primary Tumor","Primary Tumor"
"b9b73947-3920-4ef1-b6e9-c9481506face","Primary Tumor","Primary Tumor"
"10273809-ad79-4848-a896-03f0cefe6861","Primary Tumor","Primary Tumor"
"054d6883-9f0f-451e-a26d-cf0ff741afa4","Primary Tumor","Primary Tumor"
"5ce26b4c-f373-41f3-82a5-25917a1114b6","Primary Tumor","Primary Tumor"
"707a22be-e7f0-4d3e-91d4-deb6e30628c0","Primary Tumor","Primary Tumor"
"0e15a5e4-5022-4efb-aef9-006b58911d27","Primary Tumor","Primary Tumor"
"e793b2cf-64db-413d-a40f-f64b4c338a78","Primary Tumor","Primary Tumor"
"88d0452c-0693-4572-9bfd-bd856805c7e9","Primary Tumor","Primary Tumor"
"98fe188d-1922-4a7d-adc4-8dee37d92b4c","Primary Tumor","Primary Tumor"
"8753cc4b-0f5d-409a-a3b2-acf39fc7358b","Primary Tumor","Primary Tumor"
"9adf1983-85b9-4ef6-aff4-dea772ff91a2","Primary Tumor","Primary Tumor"
"835c40ea-a4e1-44fc-82cd-31e3ac16415f","Primary Tumor","Primary Tumor"
"9e73d394-b8e3-4ee2-bb35-a1fb43fd280f","Primary Tumor","Primary Tumor"
"e4c709ae-d1b7-4606-b671-a6d1c48b7c6a","Primary Tumor","Primary Tumor"
"ca69edd8-72d1-48f9-91e8-4ed748144c46","Primary Tumor","Primary Tumor"
"af0d61e8-9271-4a3a-8a25-b4417323043d","Primary Tumor","Primary Tumor"
"683a097e-79ff-41d5-843c-d23674867f02","Primary Tumor","Primary Tumor"
"6fdf025f-20c2-404a-b40f-c625e7649b88","Primary Tumor","Primary Tumor"
"9400edd0-cc27-4b5c-802a-31ea10a73130","Primary Tumor","Primary Tumor"
"d12841a3-bb30-4068-84a9-1e71d3e4a223","Primary Tumor","Primary Tumor"
"b25db78b-dd55-4bda-8705-30690ea11954","Solid Tissue Normal","Solid Tissue Normal"
"6ab4fc21-5a56-475e-84fe-ff08724120f2","Primary Tumor","Primary Tumor"
"46113f4d-f105-4057-9ae7-27f4e0f60abe","Primary Tumor","Primary Tumor"
"62fe956f-d4ea-45b5-8650-bc0adc5d4291","Primary Tumor","Primary Tumor"
"a350c64f-68f6-4161-a336-253160f87c46","Primary Tumor","Primary Tumor"
"205a5aac-2040-4408-846d-19228ae435bf","Primary Tumor","Primary Tumor"
"d2353436-a547-4431-b1fe-c7bd67f9bcb5","Primary Tumor","Primary Tumor"
"3a443790-5604-4dc4-b5b7-1e927435acd5","Primary Tumor","Primary Tumor"
"436a2acf-c97a-4423-999d-cfd752a70df9","Primary Tumor","Primary Tumor"
"4d6a370d-5a30-4f34-b8ff-d4490afcec73","Primary Tumor","Primary Tumor"
"bed76897-7a87-4692-869a-519f0f9279d7","Primary Tumor","Primary Tumor"
"54ffed74-ae60-4690-9bcb-8d5e1200ccad","Primary Tumor","Primary Tumor"
"6df91b39-f48d-4d97-bd65-0b1dbb4407ed","Primary Tumor","Primary Tumor"
"71f38728-5265-4317-a9da-95129726fe2b","Primary Tumor","Primary Tumor"
"b3c1a9a5-2d08-4a68-8eab-bc2bf4430ace","Primary Tumor","Primary Tumor"
"7cfd1188-7597-4259-a1a7-25dbdddae39a","Primary Tumor","Primary Tumor"
"7facf64a-4732-48a9-a274-79b33a066377","Primary Tumor","Primary Tumor"
"87467089-c9c4-49cd-96da-3fae32599397","Primary Tumor","Primary Tumor"
"d497caa1-a4f7-4ffc-a37b-61b35be3a32b","Primary Tumor","Primary Tumor"
"939775c8-4388-4f97-997f-efb92dc93c79","Primary Tumor","Primary Tumor"
"e4422832-2ce3-47aa-ab4e-ecc2bb8e4018","Primary Tumor","Primary Tumor"
"fb898446-9ba2-47d5-b86f-41a424c6fc38","Primary Tumor","Primary Tumor"
"0e173e62-bccb-4a31-914f-e888bd412bc6","Primary Tumor","Primary Tumor"
"68dec41b-fbcc-4f7b-9562-8ea51f3617e4","Primary Tumor","Primary Tumor"
"4cf796e7-dd9e-45b9-8095-44b0e0555d17","Primary Tumor","Primary Tumor"
"2e354ad2-e897-44e9-8c6f-341fc5d878ec","Primary Tumor","Primary Tumor"
"19c3e7c5-bf6a-4b03-84ef-bf4c2f0d4d54","Primary Tumor","Primary Tumor"
"715f2d06-d430-4021-a192-7108fa0c1f63","Primary Tumor","Primary Tumor"
"8429fc49-57f7-47a9-98e3-ac0bf8966b52","Primary Tumor","Primary Tumor"
"0e23a5a9-902d-4a57-87ad-c9ce385a9730","Primary Tumor","Primary Tumor"
"7d7401ae-d0e1-4296-9898-43d73e8bacfd","Primary Tumor","Primary Tumor"
"e4fe45b7-34de-4467-9f6d-e65930b3d508","Primary Tumor","Primary Tumor"
"1af6794a-2d3e-4a93-81e5-accc366c6922","Primary Tumor","Primary Tumor"
"830c13a4-a08e-4709-81cc-2f41bc4b978d","Primary Tumor","Primary Tumor"
"e48da6f7-3c3b-4518-8075-a18a944144f2","Primary Tumor","Primary Tumor"
"b10e1f39-79f4-43f6-8352-4c2e95de228e","Primary Tumor","Primary Tumor"
"6f2d4c85-893f-40ed-8ec1-a03b53ec59c1","Solid Tissue Normal","Solid Tissue Normal"
"e193802b-e5e0-4d85-b15e-ed85a80ec2a7","Primary Tumor","Primary Tumor"
"0f9c65de-7793-456e-a2dc-d3de101a5095","Primary Tumor","Primary Tumor"
"e3bffebc-79c8-4cee-bad7-c7245a1ae50c","Primary Tumor","Primary Tumor"
"32b046cc-93cf-4f15-9d0a-cc8e7a163cbf","Primary Tumor","Primary Tumor"
"1641a198-218f-4c63-802d-16a09fabf82a","Primary Tumor","Primary Tumor"
"a77b6765-6e36-4909-9cd3-90cd4efb8c6e","Primary Tumor","Primary Tumor"
"d215fc19-0c97-46e1-946f-a293d95f581b","Primary Tumor","Primary Tumor"
"937c07c2-b2a5-4b3f-a5e1-09edc7fa9bf5","Primary Tumor","Primary Tumor"
"53df569d-4e33-41f5-9742-98bb082bf934","Primary Tumor","Primary Tumor"
"68b113cd-faec-4cca-b21b-2683ef1bbb73","Primary Tumor","Primary Tumor"
"d44ffd83-1b69-4fd3-9b67-51e16228820f","Primary Tumor","Primary Tumor"
"dedc6b67-b1a6-47c5-8f3b-365b4aa7d4bb","Primary Tumor","Primary Tumor"
"fa288f78-75ff-4f7a-aa86-3e99857e47e8","Primary Tumor","Primary Tumor"
"05352d5f-6570-4926-8c20-2c14751c3f2d","Primary Tumor","Primary Tumor"
"eef375b2-7441-4069-94fd-1035eb1f30f6","Primary Tumor","Primary Tumor"
"4fcf32e5-6b8c-4685-b067-888e9f7e0adf","Primary Tumor","Primary Tumor"
"833c2264-3379-4f83-bd51-8dbda8fab013","Solid Tissue Normal","Solid Tissue Normal"
"dbb0837c-5ba2-4b10-bb93-a832fa11f481","Solid Tissue Normal","Solid Tissue Normal"
"f548c2c7-4f94-4e41-a0d7-c3a3e3232513","Primary Tumor","Primary Tumor"
"fcd5f067-418e-4636-80b5-3acca97bdc29","Primary Tumor","Primary Tumor"
"4db49f5a-4675-41f2-af9b-66cd8cab43cd","Primary Tumor","Primary Tumor"
"32bb2085-8247-4f0c-92fd-cf5bf033daa5","Primary Tumor","Primary Tumor"
"79eaf58d-3f20-4e6b-9006-d71f80dd4898","Solid Tissue Normal","Solid Tissue Normal"
"6b5a0fb4-95bd-4d90-89e3-d717493d7e6d","Primary Tumor","Primary Tumor"
"4821e883-36ff-4203-ab40-e1343b3c7017","Primary Tumor","Primary Tumor"
"66b172d2-29be-4b0d-b52d-465149ec3e57","Primary Tumor","Primary Tumor"
"2302f5d6-9dda-4c5e-bdf9-8e4834e27df2","Primary Tumor","Primary Tumor"
"5bcf4341-9360-4904-9dd9-6a43bdfa931c","Primary Tumor","Primary Tumor"
"25a7a89c-6dbe-4537-b664-55637aa6df10","Primary Tumor","Primary Tumor"
"bdea9be8-e4d9-4bfb-b416-654b02fd43d1","Primary Tumor","Primary Tumor"
"5125a5a9-aeb1-4132-bd34-18d8eb38b61e","Primary Tumor","Primary Tumor"
"ab195f1a-3afe-49b3-bf6f-105dfbee5e9f","Primary Tumor","Primary Tumor"
"04b15889-e23f-4df0-aeca-0a9e40a4acfe","Primary Tumor","Primary Tumor"
"e30030b5-84a4-46e6-b756-7d929c08d2e7","Primary Tumor","Primary Tumor"
"553abd08-4f08-4084-8d2e-8a56d6d6e120","Primary Tumor","Primary Tumor"
"f05495a0-738b-45fd-baef-ca26ff60969a","Primary Tumor","Primary Tumor"
"e879f843-77a2-4f1d-9118-e7c65e860b33","Primary Tumor","Primary Tumor"
"c04f1ad6-272d-41da-b028-44abd1b09f3b","Primary Tumor","Primary Tumor"
"25235c94-211b-46bc-a535-caf93aa623b8","Primary Tumor","Primary Tumor"
"b5e2d74c-1626-42de-b97c-4e988e44f9f5","Primary Tumor","Primary Tumor"
"b7b6e492-59b0-45f5-aaff-051c2cab5ee8","Primary Tumor","Primary Tumor"
"9f0f7a85-d2ac-4156-80ea-3c39c0f2f005","Primary Tumor","Primary Tumor"
"93b00070-2a34-4c3e-abdb-b1d1c7d6c6f2","Primary Tumor","Primary Tumor"
"d44ac398-6817-4571-bce1-0044f9d6dbd3","Primary Tumor","Primary Tumor"
"2fcd500e-cb86-4fdd-8340-fd355c0556cc","Primary Tumor","Primary Tumor"
"7f73cf13-d6a3-4a76-a5db-aaac249bcdae","Primary Tumor","Primary Tumor"
"4f3259b0-5b8a-4d12-9e2d-467af7bbc78f","Primary Tumor","Primary Tumor"
"f16e1b44-07c0-4621-9750-d63d13044c42","Primary Tumor","Primary Tumor"
"a22f0a97-4b8b-4e03-ad35-6fae5522a88a","Primary Tumor","Primary Tumor"
"94e3b26a-8ffe-4ad7-b432-d7c7be4b5028","Solid Tissue Normal","Solid Tissue Normal"
"6f14ecd7-c87a-42cd-b90e-03de2964bd94","Primary Tumor","Primary Tumor"
"3d899ad8-1feb-480c-b3de-b588d6fc6106","Primary Tumor","Primary Tumor"
"0d11e213-5ddf-4d0a-9987-f9d0a3056f3a","Primary Tumor","Primary Tumor"
"2da52905-3b53-44ea-86de-f05a8de372fb","Primary Tumor","Primary Tumor"
"bd161fdd-1714-45cb-b8f8-f042a691e297","Primary Tumor","Primary Tumor"
"e7cc6b48-f782-4392-a22a-04459bf8e703","Primary Tumor","Primary Tumor"
"0051d081-c264-4d60-b4fd-a203ef7ef087","Primary Tumor","Primary Tumor"
"0f9833f9-3923-46cc-ac42-506c5e9e635f","Primary Tumor","Primary Tumor"
"ec8df8ea-c6b0-419d-830b-b22552ebed89","Primary Tumor","Primary Tumor"
"b789f2c1-a793-41c3-80b1-781e3fe6dbca","Primary Tumor","Primary Tumor"
"dd81dd2f-0be1-4507-b931-9cc2b197b9f8","Primary Tumor","Primary Tumor"
"24a6594d-c21e-45e3-9863-f6b7e304f21c","Solid Tissue Normal","Solid Tissue Normal"
"9d29819e-a6e7-4277-b825-b80182164fd0","Primary Tumor","Primary Tumor"
"c329df5e-f892-4e34-a575-947b80e0f6fa","Primary Tumor","Primary Tumor"
"db7aa78b-4bb9-4d89-9219-bc93eaa277a2","Primary Tumor","Primary Tumor"
"d51d209c-1403-49e9-a9b7-3c36659b64a9","Solid Tissue Normal","Solid Tissue Normal"
"aa4061d1-8b1e-4aed-b0d7-fe3a5466737e","Primary Tumor","Primary Tumor"
"0dfa1f7b-98f0-459e-b3bb-29ac447bee53","Primary Tumor","Primary Tumor"
"6266e5d6-5477-4a83-86bb-b8351923e416","Primary Tumor","Primary Tumor"
"7843d077-04e2-41d2-bd64-73edd83e9c1f","Primary Tumor","Primary Tumor"
"5ee4d61e-a926-4094-9ffe-312585edd0c4","Solid Tissue Normal","Solid Tissue Normal"
"15d2a81f-6250-4152-abe8-a862a70a8399","Primary Tumor","Primary Tumor"
"f20fdb15-6b29-46af-bc5b-ea583dfa13c2","Primary Tumor","Primary Tumor"
"252ee930-ff03-4cc7-8279-543bb5a955b4","Solid Tissue Normal","Solid Tissue Normal"
"fb336b62-9f4e-4cb8-b987-99cb4ef60da5","Primary Tumor","Primary Tumor"
"a1386644-1ef2-4445-b571-b7755061b18b","Primary Tumor","Primary Tumor"
"10058d63-4b67-4366-871a-17abf02495dc","Primary Tumor","Primary Tumor"
"6ab7d63d-a094-4b23-be06-1f93f8dae8a4","Primary Tumor","Primary Tumor"
"82c32328-fe75-4968-9bdb-5c8fb341e394","Primary Tumor","Primary Tumor"
"638736e2-e96a-4f66-942d-0fb9662a5079","Primary Tumor","Primary Tumor"
"d83457c2-be25-460c-b782-c905874bfb05","Primary Tumor","Primary Tumor"
"0174aa45-bcca-4677-b619-593ed2119a05","Primary Tumor","Primary Tumor"
"0dbc2812-7acb-4f6c-a1bd-b9911b317d36","Primary Tumor","Primary Tumor"
"8658b402-5d8f-4fe1-aa07-49ba5c655e47","Primary Tumor","Primary Tumor"
"fa2c92c8-c2a3-4d66-8607-25e26e3a95d2","Primary Tumor","Primary Tumor"
"7fc4859d-6045-4eef-9688-4ecdb7e5eede","Primary Tumor","Primary Tumor"
"5830e58b-da08-491e-b74d-b1e41058262a","Primary Tumor","Primary Tumor"
"1f7b950c-7711-44ee-9d25-0b4d68178a37","Primary Tumor","Primary Tumor"
"fe6096b0-5c9e-4aa4-85c6-a4d3420d95e0","Primary Tumor","Primary Tumor"
"a8804277-1e01-4cb0-9a1a-a637ca5852d9","Primary Tumor","Primary Tumor"
"57861daf-8afc-4c1b-85a3-cec9240e30ca","Primary Tumor","Primary Tumor"
"428c71b7-7fa6-4b34-b85c-bc67329db834","Primary Tumor","Primary Tumor"
"0d0092fd-33be-4e11-93e8-42f353fbb8d1","Primary Tumor","Primary Tumor"
"6137053a-f7df-4eba-a296-16530ca8ea1e","Primary Tumor","Primary Tumor"
"d716a9e8-f98d-4bb4-8cea-9d8cbe3f9838","Primary Tumor","Primary Tumor"
"e35f3c2a-1324-4b50-9096-5e59cf80da93","Primary Tumor","Primary Tumor"
"baf89520-278b-461f-9c85-daad7f717a6b","Primary Tumor","Primary Tumor"
"d14e57a0-143e-4faf-a197-e7429544ad86","Primary Tumor","Primary Tumor"
"e6d69ef2-2ae5-4a6c-b162-6eb465953c88","Solid Tissue Normal","Solid Tissue Normal"
"c2c6e1dd-c3fe-4196-a4e2-eedd600bd8d5","Primary Tumor","Primary Tumor"
"86bbc63c-70a5-4d2c-bdea-f9de18f8b510","Primary Tumor","Primary Tumor"
"be3ff5e3-0d0a-4e82-84a6-4dd238c8bf7b","Primary Tumor","Primary Tumor"
"600a260b-0e31-4158-ab13-414d41ef7d35","Primary Tumor","Primary Tumor"
"5a41d026-6876-4db0-b8bf-a15fc771d1be","Primary Tumor","Primary Tumor"
"c997955d-2e75-4b49-a891-6c335611ac0d","Primary Tumor","Primary Tumor"
"4328f48c-5c7d-4ec4-98fc-f4a28674c49f","Primary Tumor","Primary Tumor"
"af03c277-4949-4640-9da0-a25ca2d0df70","Primary Tumor","Primary Tumor"
"c1553238-b56b-407a-abc0-9a352d12f902","Primary Tumor","Primary Tumor"
"284358d4-9c45-4749-b1f4-46e724c59d1f","Primary Tumor","Primary Tumor"
"9d8eb79b-50fd-45d3-9b7e-88c1197c7bc7","Primary Tumor","Primary Tumor"
"20664f76-c4b2-4f86-be8c-f0bf9e4fb052","Primary Tumor","Primary Tumor"
"7c2a4fee-489e-4368-be21-3c681c3fd5a9","Primary Tumor","Primary Tumor"
"ae7025c3-27ac-4435-958a-0a2887f5e737","Primary Tumor","Primary Tumor"
"54283490-47a5-4176-baa7-a8d99ec0aed7","Primary Tumor","Primary Tumor"
"25bc9363-e25e-4b4a-9d57-a70b867716b1","Primary Tumor","Primary Tumor"
"5d2ea1db-2863-482d-8394-57c57cc64871","Primary Tumor","Primary Tumor"
"89663744-7c27-4310-a869-03fb9b499df0","Primary Tumor","Primary Tumor"
"ca7a1993-022c-4734-ab71-33ff5cba2179","Primary Tumor","Primary Tumor"
"ed3fd3e3-1b78-4a4f-8419-f4111c8c5c73","Solid Tissue Normal","Solid Tissue Normal"
"5478889a-c160-472a-9c42-791c2e4da271","Primary Tumor","Primary Tumor"
"b756ef91-c3f5-4ab6-8cd8-05024d0f9316","Primary Tumor","Primary Tumor"
"44326a5f-517c-4e99-a8ac-eea1bdf44eeb","Solid Tissue Normal","Solid Tissue Normal"
"22e40c6d-3f1d-434d-91ef-345cefd28983","Primary Tumor","Primary Tumor"
"4d4bb419-1f68-4c6e-92dc-bcfc0cc7c8e8","Solid Tissue Normal","Solid Tissue Normal"
"9ba501e5-2be7-4edc-bbff-f6604ccb0692","Primary Tumor","Primary Tumor"
"0759b027-a95e-4679-9262-cd32edbc9490","Solid Tissue Normal","Solid Tissue Normal"
"eae8feaf-bc9e-4718-901b-127598acb7d4","Primary Tumor","Primary Tumor"
"5104c30b-e7ca-4851-b766-53d2a60f6ce3","Primary Tumor","Primary Tumor"
"776ac485-6c96-4296-a988-ae6d160dd5b0","Primary Tumor","Primary Tumor"
"7d7a0a60-4b39-4f65-8037-9958f3b57440","Primary Tumor","Primary Tumor"
"fc8e0387-e751-4595-8c61-650e808da79b","Primary Tumor","Primary Tumor"
"4df97655-744a-405b-864d-1ed885a3c733","Primary Tumor","Primary Tumor"
"c1646f76-5b5d-4d42-bf77-73ddccedd406","Primary Tumor","Primary Tumor"
"a8f5ecb5-ec0f-4320-a7d3-218ab6d31b1a","Solid Tissue Normal","Solid Tissue Normal"
"dee8967e-7a32-4338-9fb0-e2c7faa2d68f","Primary Tumor","Primary Tumor"
"bc297e83-d1dc-4b87-b998-113423d686ca","Primary Tumor","Primary Tumor"
"0fdeab95-dd48-4523-87d5-76b1958f454c","Primary Tumor","Primary Tumor"
"0a3a4c10-211c-48bf-9efb-e35cdfdac8f1","Primary Tumor","Primary Tumor"
"2a30b4b5-e925-469c-8555-9cc602ea4e1f","Primary Tumor","Primary Tumor"
"671eaa5a-e0a3-4a53-8e38-ad77f217392f","Primary Tumor","Primary Tumor"
"9e246750-a285-4921-8134-4043d0d69efd","Primary Tumor","Primary Tumor"
"7fdf1402-fbd8-4d8e-9b84-e4a01495f3f8","Primary Tumor","Primary Tumor"
"11b8df13-22dd-4ca1-a819-a5c350b80e63","Primary Tumor","Primary Tumor"
"370ffc60-025d-4127-a6b5-3559e8f8a01c","Primary Tumor","Primary Tumor"
"d2af75f6-2380-445c-8f54-e047c23e14e0","Primary Tumor","Primary Tumor"
"a626fa2c-5e31-4504-a993-7f86aa21e8ab","Primary Tumor","Primary Tumor"
"f9b88865-6e80-46ed-98aa-6d81ba5d4a02","Primary Tumor","Primary Tumor"
"e3cae4c0-0f6a-4410-981f-165ae9aca8d5","Primary Tumor","Primary Tumor"
"2050e0d5-b6c3-4bbf-9cb9-942141a07b3f","Primary Tumor","Primary Tumor"
"56dc7cfa-903d-413b-84f8-12a3279889cd","Primary Tumor","Primary Tumor"
"588e3a31-b4c2-41ed-bb23-5ffa1c150ec7","Primary Tumor","Primary Tumor"
"1bb15d67-0bcb-4d29-b186-2d57a0247f64","Primary Tumor","Primary Tumor"
"af02f1d4-47ea-4b53-a7e6-1f966a5be07b","Primary Tumor","Primary Tumor"
"79252e70-e36c-4faa-96d7-7ce792ebf278","Primary Tumor","Primary Tumor"
"bc30ca6a-982b-4ba1-85a2-2e4adeba535a","Primary Tumor","Primary Tumor"
"93a287f1-02ac-4023-a8d5-88e188b65168","Primary Tumor","Primary Tumor"
"5df1ba0e-a83f-4793-a880-0219a7250858","Primary Tumor","Primary Tumor"
"28bfa617-bafe-40fe-ae7b-fca66584b7cf","Primary Tumor","Primary Tumor"
"4b08af50-9a8f-48a8-9fd5-e4d3e963dabc","Solid Tissue Normal","Solid Tissue Normal"
"d4654d40-a23f-4a56-8079-211087e14dee","Primary Tumor","Primary Tumor"
"0fbaa6ef-4d9d-4c95-a918-51500b9462b0","Primary Tumor","Primary Tumor"
"e5e500b0-8c8c-4c5d-b59b-476aa4f59575","Primary Tumor","Primary Tumor"
"9691b06a-1a16-4616-b7e3-031792fbc0bd","Primary Tumor","Primary Tumor"
"2d2554be-a947-4b7c-90b8-be1b4a0bd943","Solid Tissue Normal","Solid Tissue Normal"
"45fe6130-71bb-4e1e-921c-61cdefc003ac","Primary Tumor","Primary Tumor"
"4e60fda1-4bbe-4901-987d-6c15a87af886","Primary Tumor","Primary Tumor"
"92e2366c-6120-48eb-acc7-f37acdb222ae","Primary Tumor","Primary Tumor"
"ed32fcea-aa43-45e1-a20a-4942541ffccc","Primary Tumor","Primary Tumor"
"38d4869b-6186-4af8-bac6-8fbf613b5861","Solid Tissue Normal","Solid Tissue Normal"
"6403a752-012e-41da-a8a8-7baed9cd79fc","Primary Tumor","Primary Tumor"
"dc16a8f2-01b0-4b62-8e4c-257314158169","Primary Tumor","Primary Tumor"
"210b1a48-1be8-407d-8354-50c0c60d5192","Primary Tumor","Primary Tumor"
"aa94ebe3-13f3-40e6-98ee-4829309d819c","Primary Tumor","Primary Tumor"
"0fe319f2-7a4f-4732-a488-f96c9db8a0dd","Primary Tumor","Primary Tumor"
"79ab1074-d958-4de9-98a6-934277350b07","Solid Tissue Normal","Solid Tissue Normal"
"33f500d7-0967-4bbf-9b40-d1d6ff8e3e3a","Solid Tissue Normal","Solid Tissue Normal"
"540f5a9f-330b-4817-baa6-490b83237292","Primary Tumor","Primary Tumor"
"fdb89f96-3def-4855-884d-15da0853dd3a","Primary Tumor","Primary Tumor"
"1a7c071e-3191-4766-9b2f-df1d2c5f46c7","Solid Tissue Normal","Solid Tissue Normal"
"1c311e03-46af-4c35-978b-cbbd8fa725e9","Primary Tumor","Primary Tumor"
"83b2db75-facd-476a-ad40-6181717b928c","Primary Tumor","Primary Tumor"
"cb9d4ce8-c82d-450d-bcb2-e6a286cf1484","Primary Tumor","Primary Tumor"
"3d914f61-568a-4f5c-a97a-54be972c5e5f","Primary Tumor","Primary Tumor"
"c536d613-9665-4607-8984-cecf71915c6f","Primary Tumor","Primary Tumor"
"33363284-aff9-4015-93c6-b94c39072073","Primary Tumor","Primary Tumor"
"dad4f7b3-abcd-4dbc-8787-ea7c95450bff","Primary Tumor","Primary Tumor"
"f07843bd-9399-494d-856a-b53b2c364c3e","Primary Tumor","Primary Tumor"
"d72da257-f34f-4efa-b698-aecfc2702e8b","Primary Tumor","Primary Tumor"
"64108f0b-a375-48f7-8f3d-cd024f622fe4","Primary Tumor","Primary Tumor"
"ba9e1358-b0f0-49d3-8c53-21c7cf812589","Primary Tumor","Primary Tumor"
"e278cd4c-5cbb-42f7-9fc9-cc2c94a2bd4e","Primary Tumor","Primary Tumor"
"c46637b9-d9e2-4652-800d-f037b8a8d204","Primary Tumor","Primary Tumor"
"7bc80f15-89d8-40e6-9a90-d320ca43e2c3","Primary Tumor","Primary Tumor"
"814322ed-016a-4af6-b976-5a5a9a192f5d","Primary Tumor","Primary Tumor"
"2ebe4258-3d6c-4753-9f3e-461653894107","Primary Tumor","Primary Tumor"
"03ff76ae-9b3e-40c5-87db-f13b7f520afb","Primary Tumor","Primary Tumor"
"2cfde9cb-f746-4f70-b21d-d00ccb8f4d9b","Primary Tumor","Primary Tumor"
"153f3345-4527-454e-9aa4-1cdde6d90512","Primary Tumor","Primary Tumor"
"b7c318d9-5739-4a47-b19c-428f5f1223ac","Primary Tumor","Primary Tumor"
"fc2d38ef-7c0a-4126-92ae-35c41c2f0a7f","Primary Tumor","Primary Tumor"
"b66f1001-d558-4884-9dad-923bf16a4ddb","Primary Tumor","Primary Tumor"
"a3870ea2-d450-44c3-b3e3-f26acd52cdb2","Primary Tumor","Primary Tumor"
"702e5fa4-0acc-442c-9fa3-4cca9f4f54bc","Primary Tumor","Primary Tumor"
"d218396f-bc77-4846-8796-79e39928a925","Primary Tumor","Primary Tumor"
"ffe830c1-061d-4123-95c8-48def573a04a","Primary Tumor","Primary Tumor"
"18a132a0-d95c-4311-a2e9-3cea86decb0e","Primary Tumor","Primary Tumor"
"bfe0c894-09d6-47ee-8334-23f81a23e1d4","Primary Tumor","Primary Tumor"
"1bbd0673-59f4-4c8a-92e5-1bb19717931f","Primary Tumor","Primary Tumor"
"d4976851-cef0-47d5-9ea6-8c72ece9ed7a","Primary Tumor","Primary Tumor"
"a416945e-cd2d-43f6-aeff-d35cb66684df","Solid Tissue Normal","Solid Tissue Normal"
"e9c2b7e2-8a60-474f-97b0-1a153a47757b","Primary Tumor","Primary Tumor"
"296936b9-d038-44f8-bebc-ed5b7c4b2c38","Primary Tumor","Primary Tumor"
"cab62404-4930-4260-b047-0029de7fad38","Primary Tumor","Primary Tumor"
"397f6746-6dad-4181-89b7-63881d417277","Primary Tumor","Primary Tumor"
"c0e523de-6df0-433a-a174-8312b795d590","Primary Tumor","Primary Tumor"
"6bf7f596-c9b0-452c-a8fb-8067d42f1936","Primary Tumor","Primary Tumor"
"2d164199-c4f0-48ca-90bd-5f363b28cc58","Primary Tumor","Primary Tumor"
"7f250a22-778c-473d-bf11-9f2a84bfcd31","Primary Tumor","Primary Tumor"
"58df0564-7b33-4237-9867-c3426979fd94","Primary Tumor","Primary Tumor"
"ea5d0124-14b8-492f-aecb-5aa464e182e1","Primary Tumor","Primary Tumor"
"76505f5a-502a-4e81-81dd-37dbba22547e","Primary Tumor","Primary Tumor"
"0cd9169f-e533-4da9-8ed4-e56435fa4dc7","Solid Tissue Normal","Solid Tissue Normal"
"36cbd6e5-aa8c-4cb5-88f3-086a6e896f36","Primary Tumor","Primary Tumor"
"8c105b54-7d1e-42ba-ba2c-259d2f7e9278","Primary Tumor","Primary Tumor"
"295fb489-c0ca-4793-878f-369bca5890d9","Primary Tumor","Primary Tumor"
"419dce6e-53aa-43b2-9f8b-1c8512b9b851","Primary Tumor","Primary Tumor"
"98c6443e-64f7-438c-bbe1-bea65458e98b","Primary Tumor","Primary Tumor"
"ec0b35ab-e9cb-4c3f-bbef-6fc4537f3b66","Primary Tumor","Primary Tumor"
"98f5da8f-f9bf-4e9e-834c-31b5c931ba69","Solid Tissue Normal","Solid Tissue Normal"
"66d15d9c-5acd-4ff8-b4fe-b4bc3e10ba9b","Primary Tumor","Primary Tumor"
"b67087c7-8a60-45e5-8087-4f442e8aa72d","Primary Tumor","Primary Tumor"
"b63265a8-daa8-4c67-a596-f8432264abdf","Primary Tumor","Primary Tumor"
"93efebf6-85fd-41c5-ba4a-73ab25bd9f75","Primary Tumor","Primary Tumor"
"163df87a-766e-4781-905f-4dce8589f4b0","Primary Tumor","Primary Tumor"
"ca75d3d9-83e8-4672-85cd-601917ac452e","Primary Tumor","Primary Tumor"
"da1008e1-36b1-4751-a386-e9e84b982c47","Primary Tumor","Primary Tumor"
"6fa95d3e-e33c-482c-87d8-cf41023b2e46","Primary Tumor","Primary Tumor"
"8efd6f4c-e92b-4070-9d7c-5f8b55748b37","Primary Tumor","Primary Tumor"
"5ca43c0a-c892-4137-9cd2-18440dc47b58","Primary Tumor","Primary Tumor"
"73214437-dde3-4ade-a938-740f7a28a4c9","Primary Tumor","Primary Tumor"
"a9e1fe98-7705-4751-8565-178d78bfe746","Primary Tumor","Primary Tumor"
"c5292827-2f32-47c7-9c4e-75aefa709891","Primary Tumor","Primary Tumor"
"b65dc8ab-c0bb-48f0-bfca-75117cecf8e8","Primary Tumor","Primary Tumor"
"fcbad081-176a-4cbe-962f-4707138ddd90","Solid Tissue Normal","Solid Tissue Normal"
"ddea3865-c880-4836-b0d6-10de01390ad9","Primary Tumor","Primary Tumor"
"f09fd1c6-c8bb-49cd-97e1-6b9f661770f6","Primary Tumor","Primary Tumor"
"f7db7956-5fbd-4118-864c-8b417e88580d","Primary Tumor","Primary Tumor"
"bc1eea6a-889a-4412-908f-ccf4c22c9986","Primary Tumor","Primary Tumor"
"9220ca81-c373-4cfa-876a-a7cf827e0d7a","Primary Tumor","Primary Tumor"
"4356726a-2bb1-4629-90db-803859bbb319","Primary Tumor","Primary Tumor"
"1fe883a5-e6ba-44ab-b24f-cfe19b68fc0c","Primary Tumor","Primary Tumor"
"3157a8cb-4f6b-4a7a-a3b5-d4868302a295","Primary Tumor","Primary Tumor"
"9c762806-4ac1-4609-ae3e-0597c35d6203","Solid Tissue Normal","Solid Tissue Normal"
"f406213e-322a-43df-9c2f-0e1583cd0d6a","Primary Tumor","Primary Tumor"
"f30f905d-0da0-43f8-9993-21325d1fb751","Primary Tumor","Primary Tumor"
"8780c854-7eaf-42e9-a4cc-31222f8a3025","Solid Tissue Normal","Solid Tissue Normal"
"beac6749-18b8-43df-bc3b-32c3d3504eaa","Primary Tumor","Primary Tumor"
"04d6d73c-53fd-4146-a163-c4bac388172a","Primary Tumor","Primary Tumor"
"7d2b66f6-b6e4-4c5a-9694-39b1939680ac","Primary Tumor","Primary Tumor"
"3a5aeb89-be94-40ea-a60c-10cbeb1f6350","Primary Tumor","Primary Tumor"
"f57b8cf0-2fd6-4b16-a2be-e9b48a86ae97","Primary Tumor","Primary Tumor"
"6a044464-d09f-4b9b-8df6-e0bfd78f455e","Primary Tumor","Primary Tumor"
"eee52d5b-7be0-4795-88c9-75dc2645891f","Primary Tumor","Primary Tumor"
"93d8c0e6-b97a-4734-92fd-b98f855301ab","Solid Tissue Normal","Solid Tissue Normal"
"4b8b4b05-a853-4ec2-ab04-2ccd8609277b","Primary Tumor","Primary Tumor"
"bafab974-b9fa-4516-9763-f37f8294d404","Primary Tumor","Primary Tumor"
"30b2fec5-69ef-48db-9d33-e35642818ad5","Primary Tumor","Primary Tumor"
"b08c42c0-9cea-46e3-b6c4-cd9cda5876ac","Primary Tumor","Primary Tumor"
"fa2558ac-53c0-4743-b3a2-8e7bf0cfe89b","Primary Tumor","Primary Tumor"
"e955427b-ab30-4634-b168-e46461dda626","Primary Tumor","Primary Tumor"
"418c3046-4557-4d8c-aa82-efb372a04b44","Primary Tumor","Primary Tumor"
"ff5b35ac-1ea0-49b7-8156-0f44760b7ee8","Primary Tumor","Primary Tumor"
"07ff7aa3-a3be-44c0-89d8-c67a0dedcc72","Primary Tumor","Primary Tumor"
"6f335026-6df0-43f8-8076-fb6534e4420f","Primary Tumor","Primary Tumor"
"0f7c26d8-ec0b-40d3-8399-a93289d0c882","Primary Tumor","Primary Tumor"
"8cdfa98c-e2f7-4509-9d31-96eec5ce7a99","Primary Tumor","Primary Tumor"
"94daa651-5d59-4a69-bfd0-b95e146cee04","Primary Tumor","Primary Tumor"
"656df965-f7ff-4713-8981-0994a3244b02","Primary Tumor","Primary Tumor"
"c9bd0faa-8452-482a-bbab-4858f908428b","Primary Tumor","Primary Tumor"
"7d7d47f1-96f0-4905-b9d5-10ba619e75a2","Primary Tumor","Primary Tumor"
"4d45722d-19a0-4540-9a2b-fb4269da9caa","Solid Tissue Normal","Solid Tissue Normal"
"3f8e6f58-24eb-4c97-95f3-8dedd4a9d05a","Primary Tumor","Primary Tumor"
"5bd1aec2-6ba0-4396-8114-2e7e7f49edfa","Primary Tumor","Primary Tumor"
"3211b546-a89b-4c63-8fb6-bedd9fcc7d0b","Primary Tumor","Primary Tumor"
"57a5ea8d-a6eb-416b-9ae3-9ceac2814e3a","Primary Tumor","Primary Tumor"
"63970639-a366-42e8-aa18-d072a9fc1770","Solid Tissue Normal","Solid Tissue Normal"
"9ffe4074-da8b-402b-8820-2d50aff099a0","Primary Tumor","Primary Tumor"
"50db711e-b2eb-4b33-ae9f-48ce6d860a48","Solid Tissue Normal","Solid Tissue Normal"
"e02c1321-88a2-43f5-9203-a56454e346df","Primary Tumor","Primary Tumor"
"7019c592-f43b-43f8-b585-59173ad5c169","Primary Tumor","Primary Tumor"
"a44c536a-f222-44e7-87f4-e63968b2017b","Primary Tumor","Primary Tumor"
"c4c8ab78-32a4-4bcc-842a-766bf5157590","Primary Tumor","Primary Tumor"
"0b64742b-b99d-4fc1-bfbf-bb7074f21a67","Primary Tumor","Primary Tumor"
"d53b4011-ae3c-47c2-b2cb-b722e457490f","Primary Tumor","Primary Tumor"
"3cdae844-cac7-483a-aa41-cf58f7e958b6","Primary Tumor","Primary Tumor"
"91cf017e-0026-4939-b9b0-151b13397092","Solid Tissue Normal","Solid Tissue Normal"
"8b4d83e5-198c-4290-ad6a-78f962132f13","Primary Tumor","Primary Tumor"
"dd4fcd4e-4c66-47b2-80a1-1d7aba2d0b4c","Primary Tumor","Primary Tumor"
"449981a9-490d-49b9-81f4-8bdea23131b2","Primary Tumor","Primary Tumor"
"a4ca193e-ee85-492b-b313-4e1bafc1e977","Primary Tumor","Primary Tumor"
"50f47c84-b9e0-4d29-9e0c-7880432ef1d6","Primary Tumor","Primary Tumor"
"8be946ee-7395-42d4-af82-2d16b09b786d","Primary Tumor","Primary Tumor"
"b1e9cb2b-97ea-46b0-8d25-281843c50161","Primary Tumor","Primary Tumor"
"36091e7d-21aa-4471-bd96-8fd4d93c03ff","Solid Tissue Normal","Solid Tissue Normal"
"5cf58cd3-84a5-4b38-9793-e35f0e4cc325","Solid Tissue Normal","Solid Tissue Normal"
"e12941b0-d83c-4adf-9e8b-d48c5ddb67ed","Primary Tumor","Primary Tumor"
"6e684fdf-142e-4285-a259-6457763d95a9","Primary Tumor","Primary Tumor"
"38b76080-eeae-4c30-a6ec-955213c8c691","Primary Tumor","Primary Tumor"
"0b85120a-29ec-4948-9eb3-dbea5709cb31","Primary Tumor","Primary Tumor"
"adaebe36-5fdb-41f8-b05a-ed793fa6fd38","Primary Tumor","Primary Tumor"
"8b55e14a-5fc7-4553-829a-ff02fe0f8f7f","Primary Tumor","Primary Tumor"
"8b18c127-13dc-4ca5-b3e8-38ccbd21b010","Primary Tumor","Primary Tumor"
"e09d0370-46e4-41ea-9fa4-7f0a39195507","Primary Tumor","Primary Tumor"
"964aab26-ff67-4bfc-893a-68c3eb84752a","Primary Tumor","Primary Tumor"
"4e9d76de-98d7-4a5e-8132-2226c90a6af7","Primary Tumor","Primary Tumor"
"6f440be3-01eb-41c7-a80e-1c25310d3664","Solid Tissue Normal","Solid Tissue Normal"
"dfc8d02e-6bb3-43b8-8076-25930dcd932b","Primary Tumor","Primary Tumor"
"be95b2ee-da62-4c6f-b699-c3d6bd89ab7c","Primary Tumor","Primary Tumor"
"7d1f1cd0-526c-4a6f-a4d9-298060dde779","Primary Tumor","Primary Tumor"
"c2125779-cfc4-4a84-901b-75223376ff59","Primary Tumor","Primary Tumor"
"c022e48e-fe91-49aa-8ee9-dbd6734d083f","Primary Tumor","Primary Tumor"
"fb84de32-ed6d-4eeb-890c-05235a3aa853","Primary Tumor","Primary Tumor"
"ba7c2cbf-9951-46a7-b0df-79238aeac9ce","Primary Tumor","Primary Tumor"
"f96df44f-ca2f-4595-922a-bc0543413f23","Primary Tumor","Primary Tumor"
"70c76e2f-3ce4-4864-8935-eaa51605612a","Solid Tissue Normal","Solid Tissue Normal"
"d018dc76-617b-4904-8e3d-b1f35456f9c8","Primary Tumor","Primary Tumor"
"3a34b41c-9fdb-4ca4-8afd-5e3319a84d24","Primary Tumor","Primary Tumor"
"9d37685b-7c6d-4bf9-bb56-b68a19fa956a","Primary Tumor","Primary Tumor"
"6ab1f388-28e9-4b2c-bbdf-8383ef18b83c","Primary Tumor","Primary Tumor"
"01999b22-fd19-4a12-aab9-049e5a3054bd","Primary Tumor","Primary Tumor"
"d9c999b0-9056-4680-b448-d918b1a1ab95","Primary Tumor","Primary Tumor"
"b8647788-d1b1-406d-baa6-607fb43d8056","Primary Tumor","Primary Tumor"
"c1c6a9a5-73f2-414a-896d-4d3e564f6e59","Solid Tissue Normal","Solid Tissue Normal"
"30843a4c-9ac8-4f2c-85ec-f33b87e716ae","Primary Tumor","Primary Tumor"
"b817f72a-3ba5-4dfc-81cc-d23ce5250798","Primary Tumor","Primary Tumor"
"053e50eb-7f13-4fed-9264-ee6e9cf86f76","Primary Tumor","Primary Tumor"
"fe340d79-53e7-445f-9041-82441df94d20","Primary Tumor","Primary Tumor"
"ceef11d5-dcf3-4ac6-a82f-44121dc48426","Primary Tumor","Primary Tumor"
"89b3406b-023b-40d7-8ad0-1f8559500229","Primary Tumor","Primary Tumor"
"84f42bf5-32e7-4100-9297-87957839e9e3","Primary Tumor","Primary Tumor"
"5bfcb451-b898-45cc-82f5-93edbb475cf2","Primary Tumor","Primary Tumor"
"22879c27-d2a7-43cb-bebf-4fb3379003d9","Solid Tissue Normal","Solid Tissue Normal"
"6216b0fe-e810-48ff-96f2-a09b7ad7cc4c","Primary Tumor","Primary Tumor"
"ab171a6f-37cf-4dca-aca7-d5ca314d2544","Primary Tumor","Primary Tumor"
"419ef164-1ce1-4fca-ac2a-c25cf18d781a","Primary Tumor","Primary Tumor"
"23bf746a-797a-47f5-afd1-76ff723d942e","Primary Tumor","Primary Tumor"
"7219f6f2-cd4c-410c-a435-888945502a71","Primary Tumor","Primary Tumor"
"46871a58-c437-49e3-93e0-915b47edb294","Primary Tumor","Primary Tumor"
"3ca8d0a7-8ff7-4d4b-a02c-76c7f3a8d0b7","Primary Tumor","Primary Tumor"
"70c6f3c1-a9a5-40fd-a39d-0fdb0d66da1f","Primary Tumor","Primary Tumor"
"0195917c-c127-4523-aff3-9e64ebdd4363","Primary Tumor","Primary Tumor"
"c980e8d4-d258-40e5-a173-34b2719bb3a9","Primary Tumor","Primary Tumor"
"2932217e-1907-4729-82b0-f05d497fc783","Primary Tumor","Primary Tumor"
"0bc57387-0234-446f-8956-b4410fa60c41","Primary Tumor","Primary Tumor"
"85b21f9d-07de-4576-9652-740a5a550124","Primary Tumor","Primary Tumor"
"3e0ad2f4-16c0-4c3f-a5c5-414e4f495b48","Primary Tumor","Primary Tumor"
"2a4b70ba-9030-4b04-abe0-5fa59f99564c","Primary Tumor","Primary Tumor"
"a48b7fbd-3805-4b2c-8cfd-88eb601a1ffe","Primary Tumor","Primary Tumor"
"2184f692-a3ba-45c3-baf4-734fd4332f35","Primary Tumor","Primary Tumor"
"cbdc8782-69cc-49b2-babe-fbfc70185547","Primary Tumor","Primary Tumor"
"5533da9b-bc5b-4538-80d6-2d8aea2ba6a0","Primary Tumor","Primary Tumor"
"9a387fca-241f-4ec5-8241-75d7cdc1a1f6","Primary Tumor","Primary Tumor"
"c7302dc6-6512-415f-b26a-b6aa895a6cd7","Primary Tumor","Primary Tumor"
"8ad7eaaa-a0a0-4c2a-bf31-cd0832705aea","Primary Tumor","Primary Tumor"
"7b337d83-0838-44f5-84d6-bf8376613c75","Primary Tumor","Primary Tumor"
"638641a8-0302-4d39-b7f5-edd00034e37b","Primary Tumor","Primary Tumor"
"ef99ae23-c33f-49f4-9757-7bb6d944b622","Primary Tumor","Primary Tumor"
"c2cf4ba8-f4c8-4be0-b61a-2e3bd8119638","Primary Tumor","Primary Tumor"
"05f65c8f-273a-4e14-9ba4-269c48dd5d0a","Primary Tumor","Primary Tumor"
"0a74fef1-f136-4f66-8682-d5dc0a6e06ab","Primary Tumor","Primary Tumor"
"bc6abaf1-b5dd-41c7-b3b2-bac114e0ad78","Primary Tumor","Primary Tumor"
"68910c67-39e1-413d-8724-e772408a9acf","Primary Tumor","Primary Tumor"
"540e89bf-d79c-4916-af91-cf79307103ef","Primary Tumor","Primary Tumor"
"6c491aa2-ab02-4e44-8d1b-1ebf3125469b","Primary Tumor","Primary Tumor"
"5c679022-51b7-4238-b652-0198d7c7887a","Primary Tumor","Primary Tumor"
"42ac847d-71cc-468d-88b0-9cc65c38e241","Primary Tumor","Primary Tumor"
"70f8d4a3-81e0-4d82-860e-ae359c3cac74","Primary Tumor","Primary Tumor"
"b5604d13-4cde-44fa-be67-203bc5da0caf","Primary Tumor","Primary Tumor"
"8e6ba6ce-5f0b-424d-bf39-2b2bf2f9adf7","Primary Tumor","Primary Tumor"
"5f2f42c5-e9d1-4a47-86a7-fd19308eca52","Solid Tissue Normal","Solid Tissue Normal"
"fb69a4f1-3642-4012-a9be-68afbfeea487","Primary Tumor","Primary Tumor"
"25491fb0-ac87-4b8e-a99d-59e13acc0bb5","Primary Tumor","Primary Tumor"
"355ae847-d5f0-43ab-90e6-920c6ef8711c","Primary Tumor","Primary Tumor"
"90e945ed-de4a-4de2-9b10-67bf4f30fa0b","Primary Tumor","Primary Tumor"
"ab865a79-8928-4178-8aff-44a95e43e697","Primary Tumor","Primary Tumor"
"3e824571-a3da-4d80-98d1-c161f569466d","Solid Tissue Normal","Solid Tissue Normal"
"f16f009f-c863-43a8-94bf-f24ed4fde296","Primary Tumor","Primary Tumor"
"4f513085-a7f0-495c-9a87-34f70d757900","Primary Tumor","Primary Tumor"
"6d779189-cfd2-48bf-ada2-ca78e2818468","Primary Tumor","Primary Tumor"
"edc32d82-53d8-4980-aa5a-0c8f6c5ff311","Primary Tumor","Primary Tumor"
"b02ef951-bb51-4378-b59c-ccffeff088ec","Primary Tumor","Primary Tumor"
"dc74bb68-51b5-4c14-a017-7d68cb591df1","Primary Tumor","Primary Tumor"
"a7860e15-42f2-470b-83d8-da5d6657ddff","Primary Tumor","Primary Tumor"
"1fca89db-8baa-434f-a580-3a5b3dcb20c6","Primary Tumor","Primary Tumor"
"70f60c0b-b581-4735-9535-69fd9ac480fd","Primary Tumor","Primary Tumor"
"5a1e7524-ff09-42d0-a77f-a7d497d4ebd0","Primary Tumor","Primary Tumor"
"520792ea-db7f-4eb0-a34b-98b5bb2b7eb3","Primary Tumor","Primary Tumor"
"4927d85f-e15d-490f-988f-9ebf31d20839","Primary Tumor","Primary Tumor"
"21abffb3-3e07-4022-86ff-51a41036cfc4","Primary Tumor","Primary Tumor"
"ed717bf7-f59f-4563-992d-36119b9bede0","Primary Tumor","Primary Tumor"
"0bf16fde-30c1-443c-875a-b63a1c271125","Primary Tumor","Primary Tumor"
"5c57e4a1-6498-4ace-8a63-04550891ec02","Primary Tumor","Primary Tumor"
"b64af68f-e463-4f68-86a1-15399cc15691","Primary Tumor","Primary Tumor"
"d704d644-c21e-49ef-9f83-7f350ba86b9c","Primary Tumor","Primary Tumor"
"526ab5d5-9a94-4c80-b088-84d190400b23","Primary Tumor","Primary Tumor"
"8acfb9e1-3fc2-4736-a1e3-44593ca8d1fe","Primary Tumor","Primary Tumor"
"5ea3601c-639a-4e8a-8b71-9586e2d5ea83","Primary Tumor","Primary Tumor"
"bf53b78f-1699-40b5-a76c-fb4b6c7e0de0","Primary Tumor","Primary Tumor"
"25e9d1e2-2fc3-4ee0-bf29-421adfcaf781","Primary Tumor","Primary Tumor"
"65da41a1-a2fc-40da-b171-8ce45d8fcacb","Primary Tumor","Primary Tumor"
"d43f788a-06c6-4a53-a8e4-710209968064","Primary Tumor","Primary Tumor"
"3ada67b6-bcdd-4682-b99b-89956219718c","Primary Tumor","Primary Tumor"
"7c44a1e3-6765-4a73-830f-6ff19d87d43f","Primary Tumor","Primary Tumor"
"bcf59ef3-e66b-49b6-92a8-478097e710c2","Solid Tissue Normal","Solid Tissue Normal"
"1cf994aa-a44c-4d08-9e06-01ed64693edf","Primary Tumor","Primary Tumor"
"2da979d1-6b8f-4e13-9c51-24a1ac569935","Primary Tumor","Primary Tumor"
"7434d066-f641-42ab-a87e-7e70ccf885f8","Primary Tumor","Primary Tumor"
"e3476c1f-d114-40df-8968-a8f51a0b6484","Primary Tumor","Primary Tumor"
"3a06f1a2-3a06-4f3b-876a-2c570036a132","Primary Tumor","Primary Tumor"
"65775f26-9935-472f-8187-8c488c4b1cee","Primary Tumor","Primary Tumor"
"645d6a17-34c1-4af0-9786-55aad23f64e7","Primary Tumor","Primary Tumor"
"70e1218e-5d4c-49b7-a479-9b5a4a112938","Primary Tumor","Primary Tumor"
"0e338fde-60dd-4d62-b5d8-0a3a01102b4b","Primary Tumor","Primary Tumor"
"133ae78e-fd83-4a13-9de6-28dbbe8e37c7","Solid Tissue Normal","Solid Tissue Normal"
"4eea0701-8708-4c93-9f63-79ea480031f3","Primary Tumor","Primary Tumor"
"e24e5985-c69b-457b-a790-ddb0198ed0de","Primary Tumor","Primary Tumor"
"31fc1006-d826-4d63-8fe0-881cce64b722","Primary Tumor","Primary Tumor"
"34dd6421-03a0-4fc8-a0b4-77593cea0481","Primary Tumor","Primary Tumor"
"ccaa2c13-d1d9-4c7b-8a0e-453407863ca2","Primary Tumor","Primary Tumor"
"8da07768-f3a7-4529-b042-bf2648999e91","Solid Tissue Normal","Solid Tissue Normal"
"b5992b43-9915-4cbf-b709-86a721fd69c9","Primary Tumor","Primary Tumor"
"0821624f-7175-40ae-894f-3c68376b5788","Primary Tumor","Primary Tumor"
"d5da7109-ec9b-45b4-ae60-1c3bf898c0e3","Primary Tumor","Primary Tumor"
"cbaaa15f-9fc5-43a2-8025-9b7529f7d61b","Primary Tumor","Primary Tumor"
"eb9b4f6f-ef2e-4bdb-b4c9-354ca9b30af6","Solid Tissue Normal","Solid Tissue Normal"
"cf9b4491-4660-4ff9-b539-ad435047a505","Primary Tumor","Primary Tumor"
"a607c74a-4ed5-4e2b-bf5b-3cc9e3214335","Primary Tumor","Primary Tumor"
"a31942b6-0477-483f-8852-28d4b638ef65","Primary Tumor","Primary Tumor"
"abf531dc-e45a-471c-841f-7353c8fa8e8d","Primary Tumor","Primary Tumor"
"1555aab1-9350-4c12-8929-4f124f092106","Primary Tumor","Primary Tumor"
"3951e52f-ee5a-4a71-9ed3-a112c97cca84","Primary Tumor","Primary Tumor"
"c680a261-9fdf-48dd-9e87-274881d700c8","Primary Tumor","Primary Tumor"
"c2c9e2dd-74cc-4f23-964b-2094b2f5c4fd","Primary Tumor","Primary Tumor"
"533dcb1b-2216-4186-8fa5-90ff3b85b1af","Primary Tumor","Primary Tumor"
"a9b9b321-f00e-4cdc-8b8c-92a377f89572","Solid Tissue Normal","Solid Tissue Normal"
"069ed9fe-e992-43e8-993f-05bb474ace15","Primary Tumor","Primary Tumor"
"b0db14c6-8cc3-4950-8ce9-fac9d5e6d666","Primary Tumor","Primary Tumor"
"151cfaa5-f363-4988-9c12-551274545a26","Primary Tumor","Primary Tumor"
"f61efa60-19ed-4edd-90ec-396fc999e103","Solid Tissue Normal","Solid Tissue Normal"
"99a16f47-f03b-4693-ac8d-a4653acf34d7","Primary Tumor","Primary Tumor"
"27ec5c6e-6119-474a-bb61-8d1310d1551b","Primary Tumor","Primary Tumor"
"0f931145-8fc3-4b2c-bb8f-8e5e978b825b","Primary Tumor","Primary Tumor"
"483ab415-03c0-4481-b4d3-9ecd61e6367b","Primary Tumor","Primary Tumor"
"c13e5279-5a75-4470-8e8d-ed07f5d290be","Primary Tumor","Primary Tumor"
"21278eb3-c93c-4b8a-b68b-2dec7b9f9fa3","Primary Tumor","Primary Tumor"
"aaab4fd3-9025-4add-b199-7ae99245b0e6","Primary Tumor","Primary Tumor"
"a0992897-79c4-4e33-974a-a65248ee43fa","Primary Tumor","Primary Tumor"
"56a7095e-29b1-4c29-b1ed-9b5a18b36a2c","Solid Tissue Normal","Solid Tissue Normal"
"96730d4a-dd9c-4f50-beae-2e45359746ae","Primary Tumor","Primary Tumor"
"4805e3d7-409d-41c9-b7a8-12614c50d354","Primary Tumor","Primary Tumor"
"c513453d-3dd5-4fde-b891-b55d4f71fb38","Primary Tumor","Primary Tumor"
"d72794d5-c18a-41a6-bb7c-353e4d5f0c96","Primary Tumor","Primary Tumor"
"046b15a8-38d3-41fc-b55f-04dd591a8e14","Primary Tumor","Primary Tumor"
"711608f3-1b39-45ae-9f55-248cbf2a707b","Primary Tumor","Primary Tumor"
"54241bed-d309-494b-a892-f1a3c1a69398","Primary Tumor","Primary Tumor"
"de3a4d13-6a5d-4943-8b84-bffaa2410c27","Primary Tumor","Primary Tumor"
"53dc00a4-4866-4803-b669-17a2ae4b25f9","Primary Tumor","Primary Tumor"
"48e35d76-273a-4dd7-ad6a-cd740e109921","Primary Tumor","Primary Tumor"
"5a647051-a5d5-4188-8671-bf1784415255","Primary Tumor","Primary Tumor"
"dca37698-a0de-4c13-ab69-408a3e2b8d65","Primary Tumor","Primary Tumor"
"cebd233b-8463-4cc6-95c3-9150170b18de","Primary Tumor","Primary Tumor"
"7d00b97e-c2e5-493a-8952-a039e2635b2d","Primary Tumor","Primary Tumor"
"c933036a-3ea4-4ed5-b318-95c310e6c11d","Primary Tumor","Primary Tumor"
"ffc1e2ea-a8ff-461f-8ed6-ed2ed6d547a1","Primary Tumor","Primary Tumor"
"e1c94290-d7d0-4159-9ea4-6cd107e3f224","Primary Tumor","Primary Tumor"
"a257fbd4-8d85-459a-984c-83040a164db6","Solid Tissue Normal","Solid Tissue Normal"
"3d53785d-0e73-40d1-a6f5-644fe778417c","Primary Tumor","Primary Tumor"
"119c02f2-2951-492e-bbe1-1e7120ec4a84","Solid Tissue Normal","Solid Tissue Normal"
"2a88609a-c32d-47a2-9fb0-10a1684dc883","Primary Tumor","Primary Tumor"
"8d926fd8-ee4a-4edb-b875-cc3aaf96d1f7","Primary Tumor","Primary Tumor"
"31894502-e558-4758-9bf6-1181ccb38412","Primary Tumor","Primary Tumor"
"bea553f4-ca68-4af4-9595-8259b556a2a2","Primary Tumor","Primary Tumor"
"95863f78-6d63-4de0-a42f-f4d8156e2a33","Primary Tumor","Primary Tumor"
"144c5bf9-5214-4911-a403-01f9b479ab63","Primary Tumor","Primary Tumor"
"ecc9276a-f900-431c-a6e2-2ce7a1d62215","Primary Tumor","Primary Tumor"
"2c4770c9-01db-4f5e-b392-fca2d1c0ddcb","Primary Tumor","Primary Tumor"
"d1b27d3f-a10c-4deb-acb7-9acb80815786","Primary Tumor","Primary Tumor"
"65126cbb-60a9-41d4-9fa5-6acd91bf53e1","Primary Tumor","Primary Tumor"
"a3361ee3-2e6f-48e7-a526-e6d1b1aa6d75","Primary Tumor","Primary Tumor"
"0c6dd343-cf69-4a93-a304-3afc9b287a5e","Solid Tissue Normal","Solid Tissue Normal"
"a335cf3e-1504-46c7-a130-628ef6b543aa","Primary Tumor","Primary Tumor"
"936f8576-8e59-4e4d-8a72-52ce4c6ae585","Primary Tumor","Primary Tumor"
"e279bb98-3f06-49bc-adff-24185116aa74","Primary Tumor","Primary Tumor"
"854cab48-2281-426a-910d-66ef0cdb0b83","Primary Tumor","Primary Tumor"
"dc3fe022-54ca-43a3-a8aa-94c08635e04f","Primary Tumor","Primary Tumor"
"790e77fb-fe92-4413-bb39-0f1edc92093d","Primary Tumor","Primary Tumor"
"cba39ceb-4b7e-49cb-8b01-c44b7e70ad25","Primary Tumor","Primary Tumor"
"b3a879c2-c96a-44ca-8ab9-b77ced6d0729","Primary Tumor","Primary Tumor"
"e68bb5da-1d15-4de9-b8d4-eac78a205699","Primary Tumor","Primary Tumor"
"fe02753e-a8d5-487d-87f9-f6879d185f0d","Primary Tumor","Primary Tumor"
"7f660b4e-d8f6-40fe-af08-ff2b5c658026","Primary Tumor","Primary Tumor"
"25887338-b88d-4b8a-90a5-4b268fed148f","Primary Tumor","Primary Tumor"
"de750a3e-5286-44ec-a701-bcaa7a06e569","Primary Tumor","Primary Tumor"
"f1394f51-c3ab-45e8-87a2-fe641f00518e","Solid Tissue Normal","Solid Tissue Normal"
"f2661b45-0a12-43b8-9cca-54c260673072","Primary Tumor","Primary Tumor"
"e48a4127-695e-47d7-8949-db5e12abe3ff","Primary Tumor","Primary Tumor"
"e2a34ea2-26f0-4cd9-853c-4f66b2912c56","Primary Tumor","Primary Tumor"
"c2b7c87a-5508-424e-ba34-fe3d859ceca1","Primary Tumor","Primary Tumor"
"0ebe924f-9ca9-45fc-8947-67fc6e1fb3d8","Primary Tumor","Primary Tumor"
"76c7c7b9-0ea8-4a26-bcf4-ad15da31c05d","Primary Tumor","Primary Tumor"
"19943aa8-5fe4-475c-8398-529ce6c0a3c3","Solid Tissue Normal","Solid Tissue Normal"
"413308af-8010-4fa7-b7d6-b7257d73e3c8","Primary Tumor","Primary Tumor"
"1e60fa48-4c11-467e-b41f-45eff7b6af08","Primary Tumor","Primary Tumor"
"9c322d05-b8a2-43cf-a25e-7e90cf8e85fc","Primary Tumor","Primary Tumor"
"457906f2-5c59-46a7-abdc-1ebce70de203","Primary Tumor","Primary Tumor"
"4aa7dbad-2fc6-45e5-8900-d827d93b1f47","Primary Tumor","Primary Tumor"
"fb0aa257-225e-4f4e-92d7-b59017ccac93","Primary Tumor","Primary Tumor"
"46a43fa3-cc56-4c67-9e6e-811ef74cde57","Primary Tumor","Primary Tumor"
"8b364946-e0c7-4452-be4e-220cea70f4ce","Primary Tumor","Primary Tumor"
"5a7be94c-d446-479e-93cd-a34f6e27153d","Primary Tumor","Primary Tumor"
"f772b781-d621-4278-b224-ab16a44f0710","Primary Tumor","Primary Tumor"
"3ef75f19-8b1a-4d77-a84a-f89e9869c0bb","Primary Tumor","Primary Tumor"
"c712ff91-262a-4a05-95b5-1e80ee9464bd","Primary Tumor","Primary Tumor"
"fdca715e-de7b-45e6-8cd8-3069bfbff602","Solid Tissue Normal","Solid Tissue Normal"
"b81c2913-e110-44b3-8599-5e70d8d8cfbf","Primary Tumor","Primary Tumor"
"d77641e2-391d-4f64-858b-2c7fb2b492cd","Primary Tumor","Primary Tumor"
"f0aeb482-f529-42c0-9d17-1a4778e004da","Primary Tumor","Primary Tumor"
"45f252ae-f837-4a81-bf3a-3e950f2ea5f8","Primary Tumor","Primary Tumor"
"8b1478bc-6e80-40d3-a083-05b948ac0310","Primary Tumor","Primary Tumor"
"fc3603d8-3812-4715-8509-12f422d50f5f","Primary Tumor","Primary Tumor"
"898d3ebf-81f6-4e59-93bd-53130c21d963","Primary Tumor","Primary Tumor"
"decf86c1-c5d2-4dd0-99fd-91b17c1e55c8","Primary Tumor","Primary Tumor"
"c0e234b3-a2d0-4891-856c-e65bc3b74051","Primary Tumor","Primary Tumor"
"4875a959-464d-4996-aa2b-efde14601743","Solid Tissue Normal","Solid Tissue Normal"
"8b2999ed-78b2-4ced-adf4-b7ffbfee4b7f","Primary Tumor","Primary Tumor"
"66a33c82-2163-4817-b1d3-6afd1b34b2da","Primary Tumor","Primary Tumor"
"c487acbe-618e-4444-903b-28c7a6fdffa0","Primary Tumor","Primary Tumor"
"b5aab16f-800b-4c8c-a28b-78fb34f02a8f","Primary Tumor","Primary Tumor"
"9c6e6db1-4096-47e2-9b77-abd2b4c7d180","Solid Tissue Normal","Solid Tissue Normal"
"5b8a883d-3e5a-445c-9fb2-d9c52e329c56","Primary Tumor","Primary Tumor"
"071915bb-9433-473e-91c1-b13bc0ce35d2","Primary Tumor","Primary Tumor"
"b7288a82-31a9-4c2a-bbcb-3f45d2901d55","Primary Tumor","Primary Tumor"
"0590b55f-e322-4e93-b111-5e9b5241d393","Primary Tumor","Primary Tumor"
"f7d07de5-5429-446e-8aec-e7e2c4cb4c6d","Primary Tumor","Primary Tumor"
"65f94233-e5fd-468f-aec6-94f2347d2f34","Primary Tumor","Primary Tumor"
"c6e4e020-dbe8-4e35-a198-b5e7c5483277","Primary Tumor","Primary Tumor"
"bd3542ab-4313-404a-9bbf-2aa20103b724","Primary Tumor","Primary Tumor"
"25f521ec-012b-4872-b97a-7764f8a57dc1","Primary Tumor","Primary Tumor"
"fbb3ab9c-1f19-4f31-bfb7-bb439717549b","Primary Tumor","Primary Tumor"
"262e5aa4-6892-4d82-9cee-99be4b6232bc","Solid Tissue Normal","Solid Tissue Normal"
"5850111a-db51-4bf0-96ba-fda0423d654a","Primary Tumor","Primary Tumor"
"ffe0a789-d1ed-4a3d-b12b-3f2aad470bfb","Primary Tumor","Primary Tumor"
"3e4b3c1f-cbb8-487f-9c9e-01291970ade3","Primary Tumor","Primary Tumor"
"3fd4e7c0-63ba-4d26-bb4c-f7938527fa9a","Primary Tumor","Primary Tumor"
"981285c2-a019-40fd-b96d-3b1b21cf7fd9","Solid Tissue Normal","Solid Tissue Normal"
"f778028d-cc55-465f-a541-28ae7c2e5289","Primary Tumor","Primary Tumor"
"308e951f-6d14-48fc-ab0f-604364928a56","Primary Tumor","Primary Tumor"
"98fd1ef3-4068-4a44-9bab-ea7378b123e7","Primary Tumor","Primary Tumor"
"82e5d342-4aa9-4413-9ff0-73f6a76018f4","Primary Tumor","Primary Tumor"
"1540ed84-19b0-49d5-a728-3b04a29abe8a","Solid Tissue Normal","Solid Tissue Normal"
"17954171-8dab-4e7b-967a-9d2a34d3c2e2","Primary Tumor","Primary Tumor"
"2afb9195-37c8-4e8c-9b39-53a2eefa6d31","Primary Tumor","Primary Tumor"
"8c6c51d4-6734-490b-9690-01f937485e35","Primary Tumor","Primary Tumor"
"06a337bb-c5f5-47a6-b3bd-beacb5fd62c7","Primary Tumor","Primary Tumor"
"99b5d58c-f91c-46d7-8c57-fe017a14f81b","Primary Tumor","Primary Tumor"
"d0907f83-4aa6-4aae-a059-56e315fbb037","Primary Tumor","Primary Tumor"
"e5ece39d-fffb-46fc-bd88-47e56bb3ab70","Primary Tumor","Primary Tumor"
"966f9637-a03c-41a8-9958-ea22ca86fed8","Primary Tumor","Primary Tumor"
"7f39d582-da4f-41e6-aefc-de40b6892e2f","Primary Tumor","Primary Tumor"
"5221cacc-3d04-4a17-8822-6fd9b4bfb2a4","Primary Tumor","Primary Tumor"
"6a1831e3-a68e-461b-b770-0087c57dbc24","Primary Tumor","Primary Tumor"
"cefd5b49-420f-4611-916b-7a4b7fda6fba","Primary Tumor","Primary Tumor"
"2f047527-d137-4f50-870d-1de05964627c","Primary Tumor","Primary Tumor"
"85df6b0d-d432-4215-aabd-39cdff61d3c2","Primary Tumor","Primary Tumor"
"37711a35-8e49-4c60-b1d1-572eff8b1f45","Primary Tumor","Primary Tumor"
"94b2d8c5-6045-4907-8f65-1d9001f5da09","Primary Tumor","Primary Tumor"
"ebce49de-2b04-4824-959b-6712e071436f","Primary Tumor","Primary Tumor"
"e9d4139d-0b14-49ef-ab6c-297c5efd71d5","Primary Tumor","Primary Tumor"
"5fc06877-c260-4af2-b0a0-98023bc1d718","Primary Tumor","Primary Tumor"
"ced45efd-cd54-44ea-b80e-ff04b1f061a6","Primary Tumor","Primary Tumor"
"6b1c475e-b897-457e-a6b7-3aad397202b4","Primary Tumor","Primary Tumor"
"ef82a51b-93d6-4392-b6a1-6b0d8f863685","Solid Tissue Normal","Solid Tissue Normal"
"baf45d0a-2691-4988-a33e-8ee88bcbdbb6","Primary Tumor","Primary Tumor"
"fae25d1e-3054-4428-b4fd-1b7cec89c4ef","Primary Tumor","Primary Tumor"
"e3d63f30-4993-4def-8da5-e3af4202c98c","Primary Tumor","Primary Tumor"
"7f77d610-f045-4640-9670-8c7e89dc7945","Primary Tumor","Primary Tumor"
"bdc86b29-186c-49ac-9415-a75be73a63e2","Primary Tumor","Primary Tumor"
"6af66fac-e9dc-43a7-b553-e54cd9e99896","Primary Tumor","Primary Tumor"
"99359a4e-5bd3-4a80-99a4-f00be159e0ea","Primary Tumor","Primary Tumor"
"1170b43b-b3cc-452d-a852-60646bd25420","Primary Tumor","Primary Tumor"
"cb4ee6d3-8e15-4209-9b80-ff2ac3b97f7b","Primary Tumor","Primary Tumor"
"77b7005e-ef2e-487e-8987-a08a9caac2f8","Primary Tumor","Primary Tumor"
"e6e6542c-bbac-46b9-ad05-ab211c14f675","Primary Tumor","Primary Tumor"
"456b880c-4bd6-4269-8f2d-029ddf89ceb7","Primary Tumor","Primary Tumor"
"8bfeb4f1-4193-4386-88d3-1dc935f5d7a9","Primary Tumor","Primary Tumor"
"342e1ce8-6605-4daa-bfc7-4ab5924bbffd","Primary Tumor","Primary Tumor"
"7406d49b-2695-4a31-a284-026fdc12debd","Primary Tumor","Primary Tumor"
"6f7baac5-47ff-4542-8254-a6ca6d5a03d5","Primary Tumor","Primary Tumor"
"1e325442-a40b-4f63-861a-ea4083cf7099","Primary Tumor","Primary Tumor"
"175f46cb-fc19-40b2-aa15-ddd534ef588c","Primary Tumor","Primary Tumor"
"2265e04b-5eaa-48d9-94d8-796d2d80f22d","Primary Tumor","Primary Tumor"
"6fef6e45-aa6e-41e6-98b1-5dbb9a67b31f","Solid Tissue Normal","Solid Tissue Normal"
"03b656ac-9aa2-415a-aec0-a7fbcdf4a592","Primary Tumor","Primary Tumor"
"4fa713f5-17fe-4ded-b35c-5423f897c058","Primary Tumor","Primary Tumor"
"66a43c8b-bb8b-42bf-a692-9a79c4ce1280","Primary Tumor","Primary Tumor"
"71b2b807-30fa-45e1-839d-eeb71f5b8e60","Primary Tumor","Primary Tumor"
"7192fb2e-98ec-405b-a865-ab15373f4301","Primary Tumor","Primary Tumor"
"84a43eab-3343-4507-98d6-ae7aa155dadd","Primary Tumor","Primary Tumor"
"8bbb169b-2a11-4764-86a9-fb7e7162a898","Primary Tumor","Primary Tumor"
"4dcf0fd6-a7eb-4f62-add4-e54905acf3b9","Primary Tumor","Primary Tumor"
"c0c2e14e-a426-40a9-96d3-ca2f6fbd8ec4","Primary Tumor","Primary Tumor"
"dbe68d32-f5f4-48fd-9df5-8e5536655ae3","Primary Tumor","Primary Tumor"
"c645f59d-0770-4609-b4a7-0e2c38ee0ebc","Primary Tumor","Primary Tumor"
"002f73df-6c1d-4187-bab8-09908ed64a75","Primary Tumor","Primary Tumor"
"7c022118-2af0-4ef0-9b1f-98a683ea6e75","Primary Tumor","Primary Tumor"
"e8b1577c-f4eb-4012-8fa0-07cfa4bff80f","Primary Tumor","Primary Tumor"
"828a28bf-5c89-4bd8-a791-19c3ea598efd","Primary Tumor","Primary Tumor"
"ccf38eda-e95b-4392-9f05-cfbdbbf8fbf8","Primary Tumor","Primary Tumor"
"00ff9946-9ddd-40bb-8e31-7be8efe0cc6e","Primary Tumor","Primary Tumor"
"28c996b2-5e2d-4a48-a4e0-dd910f8599ab","Primary Tumor","Primary Tumor"
"d74854f1-7e39-4d8a-9882-faca089b4ab4","Primary Tumor","Primary Tumor"
"12820cd4-1a8d-4cdf-b47a-b31c926ab7e1","Primary Tumor","Primary Tumor"
"16900217-2566-44d5-ab69-da58011b9f8a","Primary Tumor","Primary Tumor"
"c5415243-f09a-4d9e-80d6-c1df7e6c9e3d","Primary Tumor","Primary Tumor"
"e28b31c5-4d5b-4700-bdd9-82471e53be73","Primary Tumor","Primary Tumor"
"19685baf-1d13-459b-9024-f5452054a6e7","Primary Tumor","Primary Tumor"
"1cdda976-7910-4eb4-812f-c98b74ff1e07","Primary Tumor","Primary Tumor"
"1299ef53-eedc-4b49-99f5-888c347cd445","Primary Tumor","Primary Tumor"
"60607901-25bf-4dfd-8957-4d986cd44495","Primary Tumor","Primary Tumor"
"49e34d2a-5ef0-4314-90b6-6a7ee887a541","Primary Tumor","Primary Tumor"
"2d1240f7-4d76-4364-87bc-943032f84702","Primary Tumor","Primary Tumor"
"19f6f994-b63f-4405-9855-9134dc5e487e","Primary Tumor","Primary Tumor"
"b92eefed-5f1f-4a17-bd90-717153f023c7","Primary Tumor","Primary Tumor"
"65b34f4b-b11e-4716-9d20-51091c45ae7e","Primary Tumor","Primary Tumor"
"3b07b87f-2830-4bce-b618-316a8a02d609","Primary Tumor","Primary Tumor"
"53e0f82f-80ca-46c1-b409-1605fbfea3bd","Primary Tumor","Primary Tumor"
"e2f83aa2-8089-4a9e-b2d8-bdec8283de69","Primary Tumor","Primary Tumor"
"6a94d33d-a3eb-4d5a-9173-3f0b0c049b15","Primary Tumor","Primary Tumor"
"bfadc0b6-bd28-48f3-b5c4-59e0dfc43637","Primary Tumor","Primary Tumor"
"bfae82ee-70b1-4294-943c-3275bca4cebd","Primary Tumor","Primary Tumor"
"a41c7eb9-8c05-418c-a339-29cbe7b15ce0","Primary Tumor","Primary Tumor"
"83bab9ef-ce9c-42c0-b103-f22f7c4abfc4","Primary Tumor","Primary Tumor"
"a1ed6dca-3f6a-4824-887b-70cadb2f720c","Primary Tumor","Primary Tumor"
"86fdcdf4-fcc1-4c36-9c9d-ba0ecebc615c","Primary Tumor","Primary Tumor"
"2bcb932d-2829-49a0-a30c-083ac9ff5c40","Primary Tumor","Primary Tumor"
"5a60bc87-bd7f-4e42-bdd5-cdb6af087758","Primary Tumor","Primary Tumor"
"17e0d741-efb2-463b-ab38-7b9f8e449cc2","Primary Tumor","Primary Tumor"
"45530049-cc5a-431b-a424-3664a4e9692d","Primary Tumor","Primary Tumor"
"764c4086-b9b7-467f-b572-4e8cbb93dc63","Primary Tumor","Primary Tumor"
"7106897f-1108-4f59-a5cd-8164994ab6d6","Primary Tumor","Primary Tumor"
"f24e9b24-0705-4542-95c6-dda3e9b1b55a","Primary Tumor","Primary Tumor"
"16f92138-89b8-44cb-a087-b940763c02f7","Primary Tumor","Primary Tumor"
"3d03ea94-ab5e-45d9-ad13-0b0e6af4ab69","Solid Tissue Normal","Solid Tissue Normal"
"856ba6fb-c3f4-4212-8490-b7ab216a2a47","Primary Tumor","Primary Tumor"
"d8e18a38-0e22-4c3e-882e-2036af42a78a","Primary Tumor","Primary Tumor"
"e5a1fc0c-20ec-46bf-bd88-7d231842e8e2","Primary Tumor","Primary Tumor"
"9189e175-f476-48b8-a192-9727ad0e872a","Primary Tumor","Primary Tumor"
"1eba8afe-a8de-4b2e-9ab9-0f38ffbe9bad","Primary Tumor","Primary Tumor"
"4d0164d4-2b43-4c4e-a02e-21884294134f","Primary Tumor","Primary Tumor"
"eb0619c2-7b8d-4513-a296-e910001cd0a9","Primary Tumor","Primary Tumor"
"9e44b206-f1ff-4285-9dea-c848c7f47e9c","Primary Tumor","Primary Tumor"
"0f2d2670-8b6b-43b7-a82a-8cf0c6ba7a77","Primary Tumor","Primary Tumor"
"fb6ec196-dd93-4f94-9097-4cc4d2ae2290","Primary Tumor","Primary Tumor"
"f6127960-9e35-4ab0-9ba6-d03a3155c3c5","Primary Tumor","Primary Tumor"
"dac2f6b9-6883-4c50-bb84-0e34290e66d2","Primary Tumor","Primary Tumor"
"7020de49-7d6f-44d5-bc2f-4c28a7b3f823","Primary Tumor","Primary Tumor"
"ec88c66b-3789-49a6-8479-5b2524858938","Primary Tumor","Primary Tumor"
"ea6594eb-a7a7-4aa9-a6b3-28a312c3adb4","Solid Tissue Normal","Solid Tissue Normal"
"801e740f-4f91-4d3f-adab-bfedbc2e8cda","Primary Tumor","Primary Tumor"
"49f51142-960c-43a1-b738-4996fcf4bf2d","Primary Tumor","Primary Tumor"
"200161b3-4821-4d1c-857d-a8ffbbba0b62","Primary Tumor","Primary Tumor"
"90879f6d-e07a-480d-ab46-5e654b2c8030","Solid Tissue Normal","Solid Tissue Normal"
"1bdfaf91-88ec-4f4c-a14b-4a51a452bb28","Primary Tumor","Primary Tumor"
"3c41e7b2-52f5-4f92-9ab9-b92846e972ba","Primary Tumor","Primary Tumor"
"e143cf9e-f313-4531-9962-bb55eb536a08","Primary Tumor","Primary Tumor"
"6787d656-d1ba-4396-be89-4e5532d643d0","Primary Tumor","Primary Tumor"
"64a82f72-229e-4413-93b6-6b88011ea4f2","Primary Tumor","Primary Tumor"
"4e4b13ec-bfb9-4e97-9210-1974b41a3e4d","Solid Tissue Normal","Solid Tissue Normal"
"b773be36-505b-48d5-88d8-7c14baad43b8","Primary Tumor","Primary Tumor"
"2aa27014-dedc-4dd5-9f0d-5906d7925391","Primary Tumor","Primary Tumor"
"cb3da44f-e477-4ef3-bd43-3d2019d54f15","Primary Tumor","Primary Tumor"
"da6ed22f-8583-484c-85d2-cd5f29c4eeeb","Primary Tumor","Primary Tumor"
"38427d4f-e677-41e0-abaa-e0fd094e5237","Primary Tumor","Primary Tumor"
"14b87f56-49b4-4c5a-8f98-6f02e74601e4","Solid Tissue Normal","Solid Tissue Normal"
"0b9c4345-bf3a-4de7-a022-4039f93d7b27","Primary Tumor","Primary Tumor"
"d3ed4500-368c-42a3-998b-7aca451db233","Primary Tumor","Primary Tumor"
"c881c6c9-2774-4208-a528-83595c1618d3","Primary Tumor","Primary Tumor"
"6ec4701f-1ed3-47c7-925a-5325a632eb1c","Primary Tumor","Primary Tumor"
"d2366daf-c8d3-4384-ac08-ec0f245d8618","Primary Tumor","Primary Tumor"
"e9eabd40-b997-417b-acf5-308e53803efc","Primary Tumor","Primary Tumor"
"92c40bfa-1683-461e-bac4-6f573534d2e6","Primary Tumor","Primary Tumor"
"efa764bd-5a4b-43cd-b646-1283894094f4","Primary Tumor","Primary Tumor"
"8153acfd-1130-4656-bd33-2d97b5a6bda5","Primary Tumor","Primary Tumor"
"ddeb5176-bbbb-4d71-bc23-1896711652be","Primary Tumor","Primary Tumor"
"e6cb449a-c889-48bb-a650-471453c30dbb","Primary Tumor","Primary Tumor"
"e01340a2-770f-43a4-96ba-c1223f105964","Primary Tumor","Primary Tumor"
"4fc33c92-be6c-4239-8318-528527f49faf","Primary Tumor","Primary Tumor"
"dc731794-8d31-4fb8-a4a5-c894e788fa0b","Solid Tissue Normal","Solid Tissue Normal"
"54507404-a9b0-48a3-9daa-934f0f1b5f3f","Primary Tumor","Primary Tumor"
"1e87afb2-8635-4956-8b35-6aefbc568a61","Primary Tumor","Primary Tumor"
"ac371bfe-2b05-4c3b-b878-4936c2320ab8","Primary Tumor","Primary Tumor"
"3cc7ebf0-012b-46e9-9ec0-26246e074da7","Primary Tumor","Primary Tumor"
"e348dc0f-1105-43b4-a74a-6494593d338b","Primary Tumor","Primary Tumor"
"76effecc-ab2b-415b-a1f9-52419c41baf9","Solid Tissue Normal","Solid Tissue Normal"
"ba6e046a-347b-46a9-b12d-6ee392422dac","Primary Tumor","Primary Tumor"
"5ca319f2-dcbb-42b2-a105-160b8aa6025b","Primary Tumor","Primary Tumor"
"1d094f05-2fda-48d4-b229-a4e03092fe57","Primary Tumor","Primary Tumor"
"3f05e5c9-3855-418b-a6e4-6351712dba97","Primary Tumor","Primary Tumor"
"56d317d6-6c38-4bd8-bacb-d38e93afba52","Primary Tumor","Primary Tumor"
"6a3ed02c-cbd6-49a1-ab82-065dc847ce97","Primary Tumor","Primary Tumor"
"2272a72a-201e-4e84-b4fb-5e20939e0fa9","Primary Tumor","Primary Tumor"
"7ee45307-85b7-437d-bf34-3c4c51e693b2","Primary Tumor","Primary Tumor"
"747873af-ecdc-4cf5-9486-c3008456c685","Primary Tumor","Primary Tumor"
"2280024b-b2d5-454c-bd04-9c5bcabe8cf7","Primary Tumor","Primary Tumor"
"5f095211-00ea-4e59-9b88-4eba00973fec","Primary Tumor","Primary Tumor"
"0df5c188-00ed-4407-9057-5d97df62e6f2","Primary Tumor","Primary Tumor"
"ab5230a5-b9b3-434e-89a2-67e6f2dbe44e","Primary Tumor","Primary Tumor"
"7f4749c7-725a-40d3-92a2-f745c94c75a1","Primary Tumor","Primary Tumor"
"74c57e6a-badb-4c90-817f-f265e9f0eae7","Primary Tumor","Primary Tumor"
"9a768a8f-e8b0-43b7-931d-fabc3535c794","Primary Tumor","Primary Tumor"
"53601c4d-ee9a-4e2a-a1ca-8d6f79f7785f","Primary Tumor","Primary Tumor"
"8c851028-31ea-4bfb-835d-a5ebb722131c","Solid Tissue Normal","Solid Tissue Normal"
"d4937854-4d0d-4e68-b08f-916d23c87446","Primary Tumor","Primary Tumor"
"f233bba2-88a0-4856-ab6f-0bfaf3f46ca4","Primary Tumor","Primary Tumor"
"a0f2508c-e6f6-421d-9c26-c4d3c161dc24","Solid Tissue Normal","Solid Tissue Normal"
"e417dd1c-a082-4acc-a01a-da833f20b936","Primary Tumor","Primary Tumor"
"732a4929-8a67-45dd-93cd-d0e7e495b898","Primary Tumor","Primary Tumor"
"dda41694-ea43-4044-a1a6-7c445734c36c","Primary Tumor","Primary Tumor"
"9b7b5c81-80c9-4db4-8cd4-9eb4c41e88f9","Primary Tumor","Primary Tumor"
"fee8a8f6-2ebb-4dff-b3f6-f2650de24139","Primary Tumor","Primary Tumor"
"b7f48223-8420-44c2-a8ff-b59b859cd664","Primary Tumor","Primary Tumor"
"911047e4-1229-41a7-bb32-5280cf2a12c3","Primary Tumor","Primary Tumor"
"953070df-3af0-4580-985c-d816272cd4cd","Primary Tumor","Primary Tumor"
"cf2acc45-76b1-498f-a7d2-53bde5f09515","Primary Tumor","Primary Tumor"
"eade8358-09b3-4ff8-aea9-ffc96570fd05","Primary Tumor","Primary Tumor"
"a6bb8040-1156-4b6b-8fdd-e0b2fcf4809f","Primary Tumor","Primary Tumor"
"8abca5f3-4d83-4fe0-b41c-93a38d8a0518","Primary Tumor","Primary Tumor"
"2d5310fd-1eb6-4e9f-9d54-f89b549a0609","Primary Tumor","Primary Tumor"
"3f543d08-e293-4892-b2f2-810a937898c1","Primary Tumor","Primary Tumor"
"48d6066e-9233-4968-af23-26c232c95921","Primary Tumor","Primary Tumor"
"68a2859e-73c0-4d98-aa7f-de4b7886190d","Solid Tissue Normal","Solid Tissue Normal"
"b0737e6f-6608-4ba3-babe-2d34db5f66b0","Primary Tumor","Primary Tumor"
"af417154-4a8e-4c16-b65d-3f912189daa3","Solid Tissue Normal","Solid Tissue Normal"
"871b8cfb-cb30-40ed-9f4f-40c7baf47954","Primary Tumor","Primary Tumor"
"0c8d1af7-7921-4134-b44b-50e09f456001","Primary Tumor","Primary Tumor"
"b46f17b8-62c8-4882-9978-d9c4d1b02d3a","Primary Tumor","Primary Tumor"
"072cca80-129c-4f94-b5bd-7595f22c779d","Primary Tumor","Primary Tumor"
"a82435ff-b4dc-4e27-8864-8dffec520b68","Primary Tumor","Primary Tumor"
"28a15efb-f538-41fd-9517-0fb86cae338b","Solid Tissue Normal","Solid Tissue Normal"
"914d3584-13d3-4509-8701-9dc9a92145f8","Primary Tumor","Primary Tumor"
"f47e9f34-cedd-4473-8b56-01b01c80a89f","Primary Tumor","Primary Tumor"
"429e5006-0ebe-428b-8233-5e996c5157b5","Primary Tumor","Primary Tumor"
"7cf82d45-89d9-4bd3-8776-cb1eb0c321f0","Primary Tumor","Primary Tumor"
"0183a137-ce52-4716-9b50-d65d979d07c5","Primary Tumor","Primary Tumor"
"48fdfc18-781e-45f2-ac69-6ab2fc773513","Primary Tumor","Primary Tumor"
"49f9af50-6b9c-4ec4-9851-3a44e049df4f","Primary Tumor","Primary Tumor"
"0d8cc2b6-69bc-446c-82b3-9367cf14be7f","Primary Tumor","Primary Tumor"
"da0e5fa1-10d4-4b8a-89d4-35fbc5c1ec87","Primary Tumor","Primary Tumor"
"2036698c-6928-49d5-b536-d5ba34d319e6","Primary Tumor","Primary Tumor"
"90d43b1a-edaa-4a07-8527-54f69ea47b95","Primary Tumor","Primary Tumor"
"871d7ddc-4ac4-4ee4-a827-e7f7caa9b52f","Solid Tissue Normal","Solid Tissue Normal"
"856370c1-163c-4915-b71b-be8731c012e2","Primary Tumor","Primary Tumor"
"a147ef9c-84d0-46b2-97d7-189460fe7606","Primary Tumor","Primary Tumor"
"41a30b1b-9f16-4a48-a237-2e0a3b95d864","Primary Tumor","Primary Tumor"
"e275259d-aa1d-45ab-937c-6263a61a6cc8","Primary Tumor","Primary Tumor"
"4c626a21-9601-426a-9df4-3e2a7e2811d3","Primary Tumor","Primary Tumor"
"5d2a2e56-1301-4c5c-a26b-e8572281a3c3","Primary Tumor","Primary Tumor"
"499cf32f-6122-4773-affe-92d1a26786ab","Primary Tumor","Primary Tumor"
"a5400877-bf80-4332-a111-8ef646135782","Primary Tumor","Primary Tumor"
"6a06c9d6-3937-44c1-9e11-dddb3ba787b1","Primary Tumor","Primary Tumor"
"191540a1-8853-4b2f-b7ff-2848bbee4c2b","Primary Tumor","Primary Tumor"
"21589a6c-f540-4927-ae32-cc626844aa9c","Solid Tissue Normal","Solid Tissue Normal"
"c0e35d10-7d8e-4968-8213-f81c8fc5632a","Primary Tumor","Primary Tumor"
"8bc460ad-95cc-4a56-9e1a-8173ae6b1259","Primary Tumor","Primary Tumor"
"0c8bf472-f685-455d-a71f-13e90744169f","Primary Tumor","Primary Tumor"
"73a1ad6d-17fa-4f62-9275-8c6a5c0c1f2d","Primary Tumor","Primary Tumor"
"b5db0bf7-8c2d-41d8-814a-8eee45608c50","Solid Tissue Normal","Solid Tissue Normal"
"ad23a161-5387-4756-9a64-65bff938d85f","Primary Tumor","Primary Tumor"
"9645852b-d2bd-42db-bad3-078254bcc846","Primary Tumor","Primary Tumor"
"f4d19d86-3b42-47fb-a052-85118a3e9718","Primary Tumor","Primary Tumor"
"52bf7f7d-166f-4207-8737-ea117f3be518","Primary Tumor","Primary Tumor"
"3d8bc01a-49a3-4813-a12a-8582e4c58a14","Primary Tumor","Primary Tumor"
"a6e94c3b-2e72-4a4a-bc47-e5f6a12b6d89","Primary Tumor","Primary Tumor"
"bf43a3fc-c747-42e3-b607-1cb08cb0f78a","Solid Tissue Normal","Solid Tissue Normal"
"ca8d0a76-611f-467d-9539-3d893645c308","Primary Tumor","Primary Tumor"
"38dafa49-8904-4098-9b2a-14c2616607d5","Primary Tumor","Primary Tumor"
"1d46b67b-8c6d-4a85-a837-30f54d45dce9","Primary Tumor","Primary Tumor"
"5257a7c7-99ed-4033-b065-3cd7f38a9703","Primary Tumor","Primary Tumor"
"34b0683c-0ec2-4dc2-8dfb-cb906b1c45e1","Primary Tumor","Primary Tumor"
"5f32df13-1cd6-4411-a7af-d20c52406dfd","Primary Tumor","Primary Tumor"
"d774e774-3339-4507-adc0-c23e5954740e","Primary Tumor","Primary Tumor"
"8aa6c876-e83d-4487-987d-b556ac07f4ad","Primary Tumor","Primary Tumor"
"386a3d1f-d3fc-40a8-9b85-846301a6d242","Primary Tumor","Primary Tumor"
"ab3074a0-f071-4cc5-8d16-a18efa651db6","Solid Tissue Normal","Solid Tissue Normal"
"c4d1f019-3e1d-42a3-8f78-4ff63b25b4af","Primary Tumor","Primary Tumor"
"0d6ee2bf-b821-434c-ba5d-a73a9e27f159","Primary Tumor","Primary Tumor"
"2a3fd28d-255b-4079-8348-029bd0755803","Primary Tumor","Primary Tumor"
"cb2f0749-b2c8-4c07-8def-943d52eeb1d8","Primary Tumor","Primary Tumor"
"dd4dc066-210e-45e4-a2e3-4fa2e2635276","Primary Tumor","Primary Tumor"
"039f4135-fb25-4fd8-8c36-be3b48462e36","Primary Tumor","Primary Tumor"
"b9bb9e55-ac52-4966-8dfa-879cefbc2cb2","Primary Tumor","Primary Tumor"
"12d172c8-5deb-447b-b651-ed10adff51d6","Primary Tumor","Primary Tumor"
"59be0bad-0e14-44e0-a72c-0564c85ea006","Primary Tumor","Primary Tumor"
"aab803cb-6893-4bc3-890e-49b8c29cd4d5","Solid Tissue Normal","Solid Tissue Normal"
"10dcd71c-7ed9-43b5-a227-e1249f595b10","Primary Tumor","Primary Tumor"
"a17097f7-5d41-4671-9395-61ff10aa0c97","Primary Tumor","Primary Tumor"
"d9c7ddbc-0017-4480-8645-ec336d70fa1a","Solid Tissue Normal","Solid Tissue Normal"
"264c69d7-0eb5-4cb8-b990-abbe8e204e83","Primary Tumor","Primary Tumor"
"294e7fa6-c40a-418a-8e31-3ac2249aec82","Primary Tumor","Primary Tumor"
"a85b7101-e158-4dde-9863-d466da951f1a","Primary Tumor","Primary Tumor"
"bbed039a-72ba-4d90-b061-bb7f41daf2d8","Primary Tumor","Primary Tumor"
"2550b2a1-7137-4fdc-82d5-724409e95f63","Primary Tumor","Primary Tumor"
"9356ab97-fd04-4903-a219-1a096421b99a","Primary Tumor","Primary Tumor"
"4a705a20-e5f2-4307-98d1-4f8550cd3887","Primary Tumor","Primary Tumor"
"2bd8a058-6019-49bc-a56b-42fd8b227db7","Primary Tumor","Primary Tumor"
"5b221489-e4aa-4159-b29d-dc419328ece1","Primary Tumor","Primary Tumor"
"9d8886ed-3a21-4b34-b9b1-e403659b0d94","Primary Tumor","Primary Tumor"
"5a16cf9e-4362-4731-82ae-fb0fb1a4c577","Primary Tumor","Primary Tumor"
"b17acaf8-5eb3-40f8-bd9f-59d659f0bbd5","Primary Tumor","Primary Tumor"
"8348587d-a17a-4f7c-9df4-900ef7e3ee88","Primary Tumor","Primary Tumor"
"4954ec61-d9ee-437f-a4b7-870f11ceb71d","Primary Tumor","Primary Tumor"
"91016251-afca-4977-bece-c1a868a2c05f","Primary Tumor","Primary Tumor"
"a1852e52-ac0d-4e5b-bf75-03765e80ab57","Primary Tumor","Primary Tumor"
"a5bb52fd-8daa-4155-b9c4-b9453ea8b180","Primary Tumor","Primary Tumor"
"fa1f1ee4-7567-4808-a57a-540aa7bc1ca6","Primary Tumor","Primary Tumor"
"c13c207a-1e95-473c-873f-6ac03d6a9b04","Primary Tumor","Primary Tumor"
"7b729078-3fcc-4042-baa9-8e8d9c97463b","Primary Tumor","Primary Tumor"
"166203ec-93c4-45cb-9906-8fbc8156d388","Primary Tumor","Primary Tumor"
"ccd9bf66-fa1a-416c-b3bb-f3fff7a964ed","Primary Tumor","Primary Tumor"
"fcc826d6-c4b5-4d85-94cd-ae7a9988dc89","Primary Tumor","Primary Tumor"
"709ab1a2-1a46-4118-aaae-c1b7a361b77c","Primary Tumor","Primary Tumor"
"6bb91f05-41b6-4af2-b336-9cd7e92fd407","Primary Tumor","Primary Tumor"
"54575111-3b09-4a6a-bbc7-a332db5ed7f1","Primary Tumor","Primary Tumor"
"105e93d3-bb72-47ba-9513-a3b7bef6207d","Primary Tumor","Primary Tumor"
"78cdcb7f-e8e0-4612-87fa-5680d239df41","Primary Tumor","Primary Tumor"
"62e81954-8dfc-42f9-98d4-dbfd0efc727a","Primary Tumor","Primary Tumor"
"7433646c-92de-450d-8dbb-9bdb029ae1e0","Primary Tumor","Primary Tumor"
"2007f47e-b3aa-42b2-b7e1-9d5f0da934bf","Solid Tissue Normal","Solid Tissue Normal"
"26094c76-21b8-4583-aeb4-3bbad0da7f29","Primary Tumor","Primary Tumor"
"f2c479c0-f730-4751-a83c-8be312ea9f04","Solid Tissue Normal","Solid Tissue Normal"
"22bbada8-1c32-4c82-8bf0-3d71dce76841","Primary Tumor","Primary Tumor"
"757ee75b-674e-49a5-8ba0-cc1b574a51ae","Primary Tumor","Primary Tumor"
"11f6716f-198e-4ddd-8f35-2177f1b6569e","Primary Tumor","Primary Tumor"
"f0c94748-968a-4308-a95f-aaec4b5051c0","Primary Tumor","Primary Tumor"
"3ba60bf7-69de-49f1-b4c1-9277372c3dd7","Solid Tissue Normal","Solid Tissue Normal"
"fc694e52-9335-488f-834d-1a9e178002ec","Primary Tumor","Primary Tumor"
"dac284f7-3121-43b1-a210-8ea6113d3642","Primary Tumor","Primary Tumor"
"d936528d-2256-4f76-862f-b550be76f874","Primary Tumor","Primary Tumor"
"d89ab176-7669-47d8-9a8f-9334d4928735","Primary Tumor","Primary Tumor"
"c23c8319-a199-41ff-9782-463333c4164a","Primary Tumor","Primary Tumor"
"da1f511e-b70f-49b6-944e-600978a08adc","Primary Tumor","Primary Tumor"
"6e415513-48bf-4eaf-b2c5-4570c63ebeb1","Primary Tumor","Primary Tumor"
"a3337105-df27-4bab-8051-3cfd830e35dc","Primary Tumor","Primary Tumor"
"26856fa7-dd5f-4951-9c29-bba62f2ed9bb","Primary Tumor","Primary Tumor"
"b5d660fd-da9a-44b3-8ccf-b7777ffefca2","Primary Tumor","Primary Tumor"
"06dd8f8a-0c1b-4cbb-b66f-4e38230236d7","Primary Tumor","Primary Tumor"
"ce2c980d-3cac-42af-9651-7da04b14183f","Primary Tumor","Primary Tumor"
"c343b4e9-3e1a-48f5-8d40-0c9e280cbd42","Primary Tumor","Primary Tumor"
"68ce2616-d652-4e1c-8389-a22e875ed245","Primary Tumor","Primary Tumor"
"5463e6ce-b3e3-46ef-bde4-8b25af4ecdb7","Primary Tumor","Primary Tumor"
"aa36ff74-0afe-4e5a-8bf7-64ab71c4e09a","Primary Tumor","Primary Tumor"
"89bbfa2d-ba3d-4f14-bf01-7292e5958215","Primary Tumor","Primary Tumor"
"9003b6c4-6b3b-4518-8827-3f48d5958bf9","Primary Tumor","Primary Tumor"
"242669ce-6888-44b0-aae7-2bad4cccac4c","Primary Tumor","Primary Tumor"
"c9304075-c938-436b-a617-8e0d08b06f29","Primary Tumor","Primary Tumor"
"35dda171-6920-42b3-b9b1-37769c21d344","Primary Tumor","Primary Tumor"
"2abc050a-c290-416a-b16f-1228c3ff0e39","Primary Tumor","Primary Tumor"
"fcafba62-54f6-42b7-a863-28bbf1ece7aa","Primary Tumor","Primary Tumor"
"c1e1d097-8593-4f45-9c88-cfa4c905d8b5","Primary Tumor","Primary Tumor"
"301711d1-3725-4d5e-95f2-ea14ff5f9e5d","Primary Tumor","Primary Tumor"
"ec5e3513-30f6-4d1a-9b0a-9224c1e97d36","Primary Tumor","Primary Tumor"
"44156cdb-28a8-45c7-8d6c-c009affffab9","Primary Tumor","Primary Tumor"
"04e89bf1-f3f3-40dd-ab4e-298425cafb91","Primary Tumor","Primary Tumor"
"f1eaed92-a9f4-4865-b40c-da60046262b6","Primary Tumor","Primary Tumor"
"06245a7f-7fb8-489b-b906-97aad6cc3dd7","Primary Tumor","Primary Tumor"
"967dadf3-dc42-4c11-b7fb-6d3ecebdc4e4","Primary Tumor","Primary Tumor"
"3b67e5f7-4c32-4f11-a626-7654cb696758","Primary Tumor","Primary Tumor"
"641c7068-0f33-42dd-a4fe-cafb541826ee","Solid Tissue Normal","Solid Tissue Normal"
"fb22cfaa-6534-497a-905a-a05a7a089020","Primary Tumor","Primary Tumor"
"aa273e13-4932-44ac-87d8-0f71ee6db500","Primary Tumor","Primary Tumor"
"d2741347-364d-4664-82ce-c4b3dff02c17","Primary Tumor","Primary Tumor"
"1355d556-a49c-4b20-adf5-08a25de89759","Primary Tumor","Primary Tumor"
"688378b3-998b-4b03-999b-b021ea26dbf0","Primary Tumor","Primary Tumor"
"ae41e3be-2fb2-4545-9b8f-5c5984d6bbf0","Primary Tumor","Primary Tumor"
